time_s,step,step_time_s,roll_command_deg,pitch_command_deg,roll_deg,pitch_deg,roll_rate_dps,pitch_rate_dps,roll_target_rate_dps,pitch_target_rate_dps,altitude_m,pwm1,pwm2,pwm3,pwm4
0.005000000000009663,0,0.005000000000009663,0.0,0.0,0.037238888381050404,-0.0014942160221076924,0.18624299694632926,-0.06156034824697947,-0.04006616314566586,-0.12564885366264214,8.032,1404,1404,1404,1404
0.018000000000000682,0,0.018000000000000682,0.0,0.0,0.039603597922276,-0.00229964473564029,0.18623876809873768,-0.061564437022332226,-0.04703243916581649,-0.12321072959299882,8.034,1404,1404,1404,1404
0.04000000000000625,0,0.04000000000000625,0.0,0.0,0.0413770258577794,-0.0028324468069700587,0.0994297584709466,-0.027096015775415146,-0.1154757271209445,0.018080888110038995,8.034,1404,1404,1404,1404
0.058000000000006935,0,0.058000000000006935,0.0,0.0,0.041358549662465986,-0.002815008230116372,0.0028622717718010046,0.0017932733786396214,-0.09999396944898667,0.015658610546177565,8.034,1404,1404,1404,1404
0.0799999999999983,0,0.0799999999999983,0.0,0.0,0.04094728089397065,-0.0014978927099363623,-0.012857621004190746,0.05708834858897974,-0.08851925164336526,0.013875891985927894,8.034,1404,1404,1404,1404
0.09799999999999898,0,0.09799999999999898,0.0,0.0,0.039790320886753876,-0.00036150435371312055,-0.05665338426674761,0.06236059428767506,-0.07631597810290694,0.011964943961128509,8.034,1404,1404,1404,1404
0.11899999999999977,0,0.11899999999999977,0.0,0.0,0.038558709046342975,0.0008300863780378628,-0.05913099536753007,0.06038528890547283,-0.06739119536405473,0.010563916415369518,8.035,1404,1404,1404,1404
0.13800000000000523,0,0.13800000000000523,0.0,0.0,0.03733741919591313,0.0020239500528370763,-0.05762220391183161,0.06033759097309513,-0.058648553226438416,0.009201586326879547,8.035,1404,1404,1404,1404
0.15900000000000603,0,0.15900000000000603,0.0,0.0,0.03610787175349844,0.0032160769465171537,-0.05766501265606319,0.060398742510507905,-0.05172729709086103,0.008095862743597786,8.035,1404,1404,1404,1404
0.18000000000000682,0,0.18000000000000682,0.0,0.0,0.03482903555827925,0.004465782701756303,-0.05772022112848525,0.06039510063229811,-0.04480604095528365,0.007028671532446413,8.035,1404,1404,1404,1404
0.19899999999999807,0,0.19899999999999807,0.0,0.0,0.03366617250671144,0.005593960365181816,-0.05770677419355679,0.06039206573378995,-0.038977611751855,0.006101504201860259,8.035,1404,1404,1404,1404
0.21999999999999886,0,0.21999999999999886,0.0,0.0,0.032982629986341175,0.0069009452440641885,-0.029857038038586813,0.06038821708227521,-0.034242012815628387,0.005369575060604676,8.036,1404,1404,1404,1404
0.24900000000000944,0,0.24900000000000944,0.0,0.0,0.03298799275205669,0.00867575847733443,0.005500199093427864,0.06038755674172069,-0.029688554480637657,0.004650125688818912,8.036,1404,1404,1404,1404
0.2600000000000051,0,0.2600000000000051,0.0,0.0,0.03298377057457171,0.009205992766059665,0.004207850929740752,0.06038672964850088,-0.02440654207833668,0.0038284873655757674,8.036,1404,1404,1404,1404
0.2790000000000106,0,0.2790000000000106,0.0,0.0,0.03299313206920073,0.010323389869674598,0.0031773107037737056,0.06037877888142016,-0.02276729667753362,0.0035597471026782026,8.036,1404,1404,1404,1404
0.30299999999999727,0,0.30299999999999727,0.0,0.0,0.033004387874107366,0.011789791130331337,0.0032854735694648677,0.06037593741600373,-0.02003522100952852,0.0031315666957514687,8.036,1404,1404,1404,1404
0.3190000000000026,0,0.3190000000000026,0.0,0.0,0.03300590198830814,0.01266089204603254,0.0033009304993324913,0.06037513033310376,-0.016938869141631622,0.0026620426751984986,8.037,1404,1404,1404,1404
0.33800000000000807,0,0.33800000000000807,0.0,0.0,0.033016420746434225,0.01382889441474439,0.0032940984341949943,0.06037556389003349,-0.015299623740828562,0.002392248535456342,8.037,1404,1404,1404,1404
0.35900000000000887,0,0.35900000000000887,0.0,0.0,0.03302201696588114,0.014526018105938671,0.0032913874527391476,0.039467454376231934,-0.013478239406316277,0.0021048257208220755,8.037,1404,1404,1404,1404
0.3810000000000002,0,0.3810000000000002,0.0,0.0,0.0330401696610239,0.014474724986097462,0.0032980852819810913,-0.0028975664324940816,-0.01165685590556732,0.001821061042782466,8.037,1404,1404,1404,1404
0.39800000000001035,0,0.39800000000001035,0.0,0.0,0.0330390524181665,0.014434836081034992,0.0033023597781148026,-0.0019369812424626172,-0.01001761050476426,0.0015683286188704557,8.037,1404,1404,1404,1404
0.4200000000000017,0,0.4200000000000017,0.0,0.0,0.033056644824353915,0.014384952021215428,0.003298119883159138,-0.0004906312081531023,-0.008924780237562218,0.0014050453470085805,8.038,1404,1404,1404,1404
0.4410000000000025,0,0.4410000000000025,0.0,0.0,0.03306532596810857,0.014331369387279877,0.003298550730358064,-0.0005838793506898514,-0.007649811870414281,0.0012112862538190745,8.038,1404,1404,1404,1404
0.4590000000000032,0,0.4590000000000032,0.0,0.0,0.03307172927045546,0.014285790881277934,0.0032944915536034,-0.0006064197774480952,-0.0067391197031581385,0.0010518562191702383,8.038,1404,1404,1404,1404
0.4789999999999992,0,0.4789999999999992,0.0,0.0,0.03308085397629978,0.014235268158750335,0.0032811463378007604,-0.0005993666086984736,-0.006010566469611221,0.0009316925810402849,8.038,1404,1404,1404,1404
0.5130000000000052,0,0.5130000000000052,0.0,0.0,0.03311718604701175,0.01417061481536661,0.003295906866849994,-0.0006027639337025858,-0.005099874302355078,0.000811308933612573,8.038,1404,1404,1404,1404
0.5190000000000055,0,0.5190000000000055,0.0,0.0,0.03311875352206541,0.014159105546408743,0.003295906866849994,-0.0006027835792509644,-0.0041891825519806,0.0006471095642957967,8.039,1404,1404,1404,1404
0.5380000000000109,0,0.5380000000000109,0.0,0.0,0.03312884539336837,0.014119044886101032,0.003299041191634829,-0.0006033620025586667,-0.004007044035153038,0.0006217334563541989,8.039,1404,1404,1404,1404
0.561000000000007,0,0.561000000000007,0.0,0.0,0.033140478059298546,0.014070523195556834,0.0032855263049952634,-0.0006008844748342169,-0.00346062910999285,0.0005530230206241268,8.039,1404,1404,1404,1404
0.5790000000000077,0,0.5790000000000077,0.0,0.0,0.0331440999271885,0.014035718579258859,0.003292906152638217,-0.0006022344939903106,-0.0030963522847785594,0.00047895305001142665,8.039,1404,1404,1404,1404
0.597999999999999,0,0.597999999999999,0.0,0.0,0.033164620510178294,0.014003717075264299,0.003291445816171997,-0.0006026896245461188,-0.00291421397639183,0.0004427898163730541,8.039,1404,1404,1404,1404
0.6200000000000045,0,0.6200000000000045,0.0,0.0,0.03317858771342244,0.013969314332889659,0.00330157082956718,-0.0006046027466087918,-0.002549937151177539,0.0003932360310511679,8.039,1404,1404,1404,1404
0.6410000000000053,0,0.6410000000000053,0.0,0.0,0.033187845821398984,0.013933406647710832,0.003299071832437075,-0.0006041451147630044,-0.0023677988427908097,0.00036409274590487996,8.039,1404,1404,1404,1404
0.659000000000006,0,0.659000000000006,0.0,0.0,0.03318808261018369,0.013905107886648893,0.00329780451218092,-0.0006039130158970128,-0.0021856605344040803,0.0003568157377572192,8.039,1404,1404,1404,1404
0.679000000000002,0,0.679000000000002,0.0,0.0,0.03319313855099508,0.01387370752601268,0.0032843696668206908,-0.0006014527366513783,-0.0021856605344040803,0.0003568157377572192,8.039,1404,1404,1404,1404
0.6980000000000075,0,0.6980000000000075,0.0,0.0,0.03319637021764828,0.013847993431262636,0.0032889664124800626,-0.0006022945249498126,-0.0021856605344040803,0.0003568157377572192,8.039,1404,1404,1404,1404
0.7210000000000036,0,0.7210000000000036,0.0,0.0,0.03322259374179076,0.013824186987003436,0.0032845330844326684,-0.0006011699345530991,-0.0021856605344040803,0.00034946767734108535,8.04,1404,1404,1404,1404
0.7469999999999999,0,0.7469999999999999,0.0,0.0,0.03322409785083162,0.013793642067540128,0.0033007474882823427,-0.0006041377151134825,-0.002003522017576519,0.00031662508853589846,8.04,1404,1404,1404,1404
0.7580000000000098,0,0.7580000000000098,0.0,0.0,0.03322472150579978,0.01378205609235623,0.00330220219684611,-0.0006044039461656491,-0.002003522017576519,0.0003094355994824076,8.04,1404,1404,1404,1404
0.7780000000000058,0,0.7780000000000058,0.0,0.0,0.03321933872976443,0.013761181993716039,0.0032952148432890674,-0.0006031250574433404,-0.002003522017576519,0.0003094355994824076,8.04,1404,1404,1404,1404
0.7980000000000018,0,0.7980000000000018,0.0,0.0,0.033231681762048715,0.013744270772166311,0.003290593710052398,-0.0005998876586672768,-0.002003522017576519,0.0003094355994824076,8.04,1404,1404,1404,1404
0.8200000000000074,0,0.8200000000000074,0.0,0.0,0.033238318518126996,0.013730695437685582,0.0032973353118689788,-0.0006018026566974342,-0.0018213837091897898,0.0002911812894342371,8.041,1404,1404,1404,1404
0.8419999999999987,0,0.8419999999999987,0.0,0.0,0.033231868525033834,0.01371769706742673,0.003289091685419857,-0.0006002980786647058,-0.0018213837091897898,0.00028039400740683865,8.041,1404,1404,1404,1404
0.8580000000000041,0,0.8580000000000041,0.0,0.0,0.0332215565402127,0.013709678765516573,0.0032962820603468818,-0.0006016104221404871,-0.0018213837091897898,0.00028039400740683865,8.041,1404,1404,1404,1404
0.8790000000000049,0,0.8790000000000049,0.0,0.0,0.03321399597436874,0.013698683928531104,0.0032798502527098443,-0.0005986114275655709,-0.0018213837091897898,0.00028039400740683865,8.041,1404,1404,1404,1404
0.8980000000000103,0,0.8980000000000103,0.0,0.0,0.03320372401018728,0.013690573912655041,0.0032844003076229365,-0.0005994418558386828,-0.0018213837091897898,0.00028039400740683865,8.041,1404,1404,1404,1404
0.9200000000000017,0,0.9200000000000017,0.0,0.0,0.03320060240029317,0.013687951726993457,0.0032774479721256037,-0.0005944163994989088,-0.0018213837091897898,0.00028039400740683865,8.041,1404,1404,1404,1404
0.9429999999999978,0,0.9429999999999978,0.0,0.0,0.0331921480401633,0.013687297222782219,0.0032624792106855974,-0.0005923745131125122,-0.0016392454008030601,0.00026991097082827074,8.041,1404,1404,1404,1404
0.9579999999999984,0,0.9579999999999984,0.0,0.0,0.03317484244856018,0.013688284398560699,0.0032672012292847634,-0.000593231882363109,-0.0016392454008030601,0.000259906279903131,8.041,1404,1404,1404,1404
0.9810000000000088,0,0.9810000000000088,0.0,0.0,0.03284432199070172,0.013649679489020912,-0.0048588074780246395,-0.0009192220871874731,-0.0016392454008030601,0.000259906279903131,8.041,1404,1404,1404,1404
1.0030000000000001,0,1.0030000000000001,0.0,0.0,0.025842821137536606,0.009651601744680167,-0.3025060100908235,-0.17161014374279676,-0.0016392454008030601,0.000259906279903131,8.041,1404,1404,1404,1404
1.0220000000000056,0,1.0220000000000056,0.0,0.0,0.017528648305839622,0.004538844131405285,-0.4636038923913756,-0.28942985304867214,-0.0016392454008030601,0.0002502394976211259,8.041,1404,1404,1405,1404
1.038000000000011,0,1.038000000000011,0.0,0.0,0.016226156577523312,0.00402100790334388,-0.1972119072273995,-0.11169441033244247,-0.0016392454008030601,0.0002502394976211259,8.041,1404,1404,1405,1404
1.061000000000007,0,1.061000000000007,0.0,0.0,0.017637924662453213,0.005314983989925822,0.08367356593257178,0.06460196355249706,-0.0016392454008030601,0.0002502394976211259,8.041,1404,1404,1404,1405
1.0799999999999983,0,1.0799999999999983,0.0,0.0,0.012300882213082023,0.0022556647623759207,-0.22487538732535442,-0.13091647697745581,-0.001457106988195915,0.00024096059767163267,8.041,1404,1404,1404,1405
1.1000000000000085,0,1.1000000000000085,0.0,0.0,0.00548609973869648,-0.0019993027582631833,-0.39729993774518263,-0.25144919878664107,-0.001457106988195915,0.00024096059767163267,8.041,1404,1404,1404,1404
1.1189999999999998,0,1.1189999999999998,0.0,0.0,0.003593011341230621,-0.0028265710683679623,-0.13920277710115064,-0.07404299920285379,-0.001457106988195915,0.00024096059767163267,8.041,1404,1404,1404,1404
1.1420000000000101,0,1.1420000000000101,0.0,0.0,0.004432532637180433,-0.0019017599529422649,0.05636449527930384,0.04861886065731104,-0.001457106988195915,0.00023083222316803965,8.041,1404,1404,1404,1404
1.1580000000000013,0,1.1580000000000013,0.0,0.0,0.006195234624371133,-0.0007440315807099891,0.11027926717356723,0.06900575470028922,-0.001457106988195915,0.00023083222316803965,8.041,1404,1404,1404,1404
1.179000000000002,0,1.179000000000002,0.0,0.0,0.008845680277021657,0.0019611789301627394,0.12795233496022895,0.12104135745893964,-0.001457106988195915,0.00023083222316803965,8.041,1404,1404,1404,1404
1.1980000000000075,0,1.1980000000000075,0.0,0.0,0.010995492323443087,0.004179871500032831,0.1253988580668491,0.12302272596805158,-0.001457106988195915,0.0002222791141941929,8.041,1405,1405,1404,1404
1.2180000000000035,0,1.2180000000000035,0.0,0.0,0.013394658801659548,0.0066458761984298925,0.1250622444666012,0.12132721154787525,-0.001457106988195915,0.0002222791141941929,8.041,1405,1405,1404,1404
1.2469999999999999,0,1.2469999999999999,0.0,0.0,0.01683082175216117,0.010237049508407427,0.12515793381604748,0.12137803776025366,-0.001457106988195915,0.00021399996161083418,8.041,1405,1405,1404,1404
1.2580000000000098,0,1.2580000000000098,0.0,0.0,0.01813779245706699,0.011597314365137862,0.12516268293195476,0.12138877663189793,-0.001457106988195915,0.00021399996161083418,8.041,1404,1404,1404,1404
1.281000000000006,0,1.281000000000006,0.0,0.0,0.021002900066381974,0.01455990224752428,0.1251446469636777,0.12138745595078888,-0.001457106988195915,0.00021399996161083418,8.041,1404,1404,1404,1404
1.2999999999999972,0,1.2999999999999972,0.0,0.0,0.0219796454656469,0.015372763127348565,0.06407183681924093,0.05012732861283885,-0.0012749685755887696,0.00020546420533621847,8.041,1404,1404,1404,1404
1.3190000000000026,0,1.3190000000000026,0.0,0.0,0.020861438777842013,0.015140781821986098,-0.04115819300007454,-0.010327991409473096,-0.0012749685755887696,0.00019771819228989589,8.042,1404,1404,1404,1404
1.338000000000008,0,1.338000000000008,0.0,0.0,0.018462171414263054,0.01403003731595265,-0.11792216214342556,-0.06090505696316154,-0.0012749685755887696,0.00019771819228989589,8.042,1404,1404,1404,1404
1.3590000000000089,0,1.3590000000000089,0.0,0.0,0.0158066418897297,0.012802866932781577,-0.1209486963378949,-0.06298322205941725,-0.0012749685755887696,0.00019771819228989589,8.042,1404,1404,1404,1404
1.3790000000000049,0,1.3790000000000049,0.0,0.0,0.01313365085985118,0.01163575335577569,-0.12083952003288047,-0.061423771144005664,-0.0012749685755887696,0.00019771819228989589,8.042,1404,1404,1404,1404
1.3980000000000103,0,1.3980000000000103,0.0,0.0,0.008940783490849478,0.011281956727133637,-0.19542985484404765,-0.023931068531127225,-0.0012749685755887696,0.00019771819228989589,8.042,1404,1405,1404,1404
1.4200000000000017,0,1.4200000000000017,0.0,0.0,0.007138940067418442,0.008848412519442328,-0.08523204968252472,-0.10559890005513584,-0.0012749685755887696,0.00019037628087829436,8.041,1404,1405,1404,1404
1.4410000000000025,0,1.4410000000000025,0.0,0.0,0.005670432720599172,0.006347869175248418,-0.035819476353943905,-0.14198690628115065,-0.0010928302672020402,0.0001832879247107876,8.041,1404,1405,1404,1404
1.460000000000008,0,1.460000000000008,0.0,0.0,-0.0008866839522719482,0.007402543514461948,-0.3121063212169525,0.029554458657323264,-0.0010928302672020402,0.0001832879247107876,8.041,1404,1404,1404,1404
1.4780000000000086,0,1.4780000000000086,0.0,0.0,-0.008645430336335991,0.00937813070866851,-0.43478430939490353,0.11732474737467423,-0.0010928302672020402,0.0001832879247107876,8.041,1404,1404,1404,1404
1.5060000000000002,0,1.5060000000000002,0.0,0.0,-0.018666418416335567,0.011167394311030558,-0.3515701937459341,0.05865234184699365,-0.0010928302672020402,0.0001832879247107876,8.041,1404,1404,1404,1404
1.5200000000000102,0,1.5200000000000102,0.0,0.0,-0.023020187099595985,0.012080640295355516,-0.30808606119931237,0.05878818523824022,-0.0010928302672020402,0.0001757865690905607,8.041,1404,1404,1404,1404
1.5400000000000063,0,1.5400000000000063,0.0,0.0,-0.029559928144744563,0.013451084568538184,-0.29952321845551133,0.060495138891255,-0.0010928302672020402,0.0001757865690905607,8.041,1404,1404,1404,1404
1.5589999999999975,0,1.5589999999999975,0.0,0.0,-0.03442407004053162,0.014235163104571206,-0.275968510689929,0.037763979183814966,-0.0010928302672020402,0.0001757865690905607,8.041,1404,1404,1405,1404
1.578000000000003,0,1.578000000000003,0.0,0.0,-0.03534073278696824,0.017923596990983667,-0.06070965618998232,0.1744897088081918,-0.0010928302672020402,0.0001757865690905607,8.041,1404,1404,1405,1404
1.597999999999999,0,1.597999999999999,0.0,0.0,-0.040533127304365896,0.019242580557896512,-0.20094604635183952,0.07960263978511195,-0.0010928302672020402,0.0001757865690905607,8.041,1404,1404,1405,1404
1.6230000000000047,0,1.6230000000000047,0.0,0.0,-0.05152282497269038,0.017804815732448912,-0.4513490922773447,-0.0687390704977546,-0.0010928302672020402,0.0001757865690905607,8.041,1404,1404,1405,1404
1.6380000000000052,0,1.6380000000000052,0.0,0.0,-0.05287350488622032,0.019785215408575557,-0.2053170739359568,0.06389759362423288,-0.0010928302672020402,0.0001757865690905607,8.041,1404,1404,1405,1404
1.6580000000000013,0,1.6580000000000013,0.0,0.0,-0.05271398928661011,0.024448240249817475,0.03661146813770796,0.23204385762226792,-0.0010928302672020402,0.0001757865690905607,8.041,1404,1404,1404,1405
1.6779999999999973,0,1.6779999999999973,0.0,0.0,-0.058818507542895374,0.024391182490337414,-0.2506420892062424,0.029280027125959573,-0.0010928302672020402,0.0001757865690905607,8.041,1404,1404,1404,1405
1.7019999999999982,0,1.7019999999999982,0.0,0.0,-0.07021175666636588,0.022235510755257922,-0.46392912678974463,-0.10161413167477469,-0.0010928302672020402,0.0001757865690905607,8.041,1404,1404,1404,1404
1.7250000000000085,0,1.7250000000000085,0.0,0.0,-0.07072928356823319,0.02607308322292,-0.015228693827123567,0.16408271498848737,-0.0010928302672020402,0.0001757865690905607,8.041,1404,1404,1404,1404
1.7460000000000093,0,1.7460000000000093,0.0,0.0,-0.07075077465173492,0.029924009244017977,0.04097550211504323,0.1991818831944193,-0.0010928302672020402,0.00016826055231444455,8.041,1404,1404,1404,1404
1.7600000000000051,0,1.7600000000000051,0.0,0.0,-0.07342822881669976,0.030203379989327366,-0.12175327127778124,0.06544414455345814,-0.0010928302672020402,0.00016826055231444455,8.041,1404,1404,1404,1404
1.7780000000000058,0,1.7780000000000058,0.0,0.0,-0.07912300575890367,0.0299597243298684,-0.2939274525758462,-0.019287305290252205,-0.0010928302672020402,0.00016826055231444455,8.041,1404,1404,1404,1404
1.801000000000002,0,1.801000000000002,0.0,0.0,-0.08770253710944627,0.02865910690150988,-0.3676589177793107,-0.06377102835128269,-0.0010928302672020402,0.00016826055231444455,8.041,1404,1404,1404,1404
1.8190000000000026,0,1.8190000000000026,0.0,0.0,-0.0945053054711798,0.027552659611660788,-0.36421861019131346,-0.06468957540283701,-0.0010928302672020402,0.00016826055231444455,8.041,1404,1404,1404,1404
1.8449999999999989,0,1.8449999999999989,0.0,0.0,-0.09765455628708458,0.020039248086395116,-0.0712336436796497,-0.30941869513940534,-0.0010928302672020402,0.00016826055231444455,8.041,1404,1404,1404,1404
1.8599999999999994,0,1.8599999999999994,0.0,0.0,-0.09611127371009888,0.013531688638119602,0.09795230984621482,-0.4567106840540989,-0.0010928302672020402,0.00016826055231444455,8.041,1405,1404,1404,1404
1.8800000000000097,0,1.8800000000000097,0.0,0.0,-0.09366808702953755,0.010186501772980035,0.13747016354800204,-0.20257345898351406,-0.0010928302672020402,0.00016826055231444455,8.041,1405,1404,1404,1404
1.899000000000001,0,1.899000000000001,0.0,0.0,-0.08976513417687111,0.01019280752501773,0.1966010321835065,0.006590009052979957,-0.0010928302672020402,0.00016826055231444455,8.041,1404,1404,1404,1404
1.9180000000000064,0,1.9180000000000064,0.0,0.0,-0.0780906199978136,0.007305162459226355,0.5791633827111453,-0.12483723509017422,-0.0010928302672020402,0.00016826055231444455,8.041,1404,1404,1404,1404
1.9410000000000025,0,1.9410000000000025,0.0,0.0,-0.06240298281519013,0.003595821957403975,0.6889601677229813,-0.17558942262541677,-0.0010928302672020402,0.00016826055231444455,8.041,1404,1404,1404,1404
1.960000000000008,0,1.960000000000008,0.0,0.0,-0.05769396091875641,0.004768914868105266,0.3283546742417517,0.031212877279580623,-0.0010928302672020402,0.00016826055231444455,8.041,1404,1404,1404,1404
1.9789999999999992,0,1.9789999999999992,0.0,0.0,-0.052683493559183066,0.006027744495425402,0.23737804860106276,0.0798265819444811,-0.0010928302672020402,0.00016826055231444455,8.041,1404,1404,1404,1404
2.0010000000000048,1,0.0010000000000047748,5.0,0.0,-0.04026268783180909,0.003976517041601249,0.5542914622919555,-0.09823132707587381,-0.0010928302672020402,0.00016119251912801922,8.041,1404,1404,1404,1404
2.0230000000000103,1,0.023000000000010346,5.0,0.0,-0.025193369532056902,0.003075504032801488,0.6442401444625575,-0.06669384238794569,-0.0010928302672020402,0.00016119251912801922,8.04,1405,1404,1404,1404
2.038000000000011,1,0.038000000000010914,5.0,0.0,0.11125294265626429,0.003842086462311301,5.758899611905639,0.026777343094425088,20.754807038458537,0.00014144501712754667,8.04,1405,1404,1404,1404
2.061000000000007,1,0.06100000000000705,5.0,0.0,0.8648292145577586,0.003433801107438712,32.90386600574073,-0.016120158578309195,29.554652010373715,0.00012758247723596887,8.04,1407,1401,1401,1407
2.078000000000003,1,0.07800000000000296,5.0,0.0,1.4842103519275258,0.00012421882845371285,40.76074189103312,-0.17862155970943963,25.255073541060074,0.00010856365832768133,8.04,1407,1401,1401,1407
2.1000000000000085,1,0.10000000000000853,5.0,0.0,1.9185743112037827,-0.003084462819743845,19.32648470941464,-0.15986509985643094,22.632386767707313,9.700232475834397e-05,8.04,1394,1410,1410,1394
2.1210000000000093,1,0.12100000000000932,5.0,0.0,2.124600777658282,-0.0025416497521537802,8.68806636482698,0.021230389054941703,19.44336461403919,8.299265169475741e-05,8.04,1394,1410,1410,1394
2.13900000000001,1,0.13900000000001,5.0,0.0,2.4647512419574986,-0.002650683066757722,17.570145960575466,0.00538663510890817,16.880445411018627,7.17783069722815e-05,8.04,1394,1410,1410,1394
2.1580000000000013,1,0.15800000000000125,5.0,0.0,2.8963730937254066,-0.005173238804973213,23.480530630535526,-0.12694138692178772,14.96476176393764,6.342580927130199e-05,8.04,1410,1394,1394,1410
2.1850000000000023,1,0.18500000000000227,5.0,0.0,3.2078021856778967,-0.009857609654898075,10.461461803570968,-0.1895308925982574,13.169061488685328,5.562153049877e-05,8.04,1410,1394,1394,1410
2.198999999999998,1,0.19899999999999807,5.0,0.0,3.3156453231436975,-0.010460384688074944,7.16717704328284,-0.09194782651383315,11.004983498284842,4.62533983320221e-05,8.04,1401,1406,1406,1402
2.2180000000000035,1,0.21800000000000352,5.0,0.0,3.5477503056229516,-0.010308955758967658,11.304932109459598,3.4271580981354798e-06,9.98981418949314,4.1875196370811635e-05,8.04,1401,1406,1406,1402
2.247,1,0.2469999999999999,5.0,0.0,3.9099422172606224,-0.010045064663576537,12.286274052613166,0.000298222160174794,8.786804433242331,3.6702053188069924e-05,8.04,1401,1406,1406,1402
2.2580000000000098,1,0.2580000000000098,5.0,0.0,3.9792639415811975,-0.009953367372937132,8.525847664491886,-0.0005724061419958509,7.230503142172613,3.0039811961234415e-05,8.04,1403,1405,1405,1403
2.281000000000006,1,0.2810000000000059,5.0,0.0,4.089300423544218,-0.010520024612576919,4.24024888486197,-0.034853564875342455,6.7134945342694365,2.7834472137092007e-05,8.04,1403,1405,1405,1403
2.298000000000002,1,0.2980000000000018,5.0,0.0,4.201849988234981,-0.010933858037064322,6.2825206966990335,-0.04559061558049589,5.747848792715381,2.372820566736943e-05,8.04,1405,1402,1403,1406
2.3200000000000074,1,0.3200000000000074,5.0,0.0,4.364929719292321,-0.010810100045234182,7.562675732077843,0.0005273024120980948,5.1265777740187835,2.1095809661925542e-05,8.039,1405,1402,1403,1406
2.3400000000000034,1,0.3400000000000034,5.0,0.0,4.449259076766706,-0.010675230489552876,4.474473573861455,0.0007137108393610719,4.419246371780025,1.8109751446120886e-05,8.039,1405,1402,1403,1406
2.361000000000004,1,0.3610000000000042,5.0,0.0,4.510504956167388,-0.010539542178285028,2.553453628047985,-0.00044808238963852916,3.8635878577978615,1.577327628379536e-05,8.039,1403,1406,1406,1403
2.379000000000005,1,0.3790000000000049,5.0,0.0,4.584473343557687,-0.01087824852448225,3.771803348844407,-0.017369347817167625,3.3461188524559438,1.3605452552453747e-05,8.039,1403,1406,1406,1403
2.3980000000000103,1,0.39800000000001035,5.0,0.0,4.65818004932541,-0.01198226872928814,4.206991840019532,-0.06621222734007384,2.9676629797440035,1.2025221082738922e-05,8.039,1405,1404,1404,1405
2.4240000000000066,1,0.4240000000000066,5.0,0.0,4.711689031943759,-0.012204964412484294,1.7189222255139036,-0.007216910278651708,2.6150444320017514,1.0558716070658253e-05,8.039,1405,1404,1404,1405
2.4380000000000024,1,0.4380000000000024,5.0,0.0,4.7308929625688965,-0.012120632587070463,1.2399263951061983,0.0026852256729303706,2.186122639390114,8.782692708085029e-06,8.039,1405,1404,1404,1405
2.459000000000003,1,0.4590000000000032,5.0,0.0,4.7774022819484525,-0.01202401692656852,2.0002172699002374,-0.0002421887049963418,1.9967338734235311,8.00109495666445e-06,8.039,1405,1404,1405,1405
2.4810000000000088,1,0.48100000000000875,5.0,0.0,4.830320453203596,-0.013275509853497845,2.2225121797406495,-0.058732943415285094,1.7335953928417949,6.9183189306814865e-06,8.039,1405,1404,1405,1405
2.504000000000005,1,0.5040000000000049,5.0,0.0,4.8609380568186475,-0.013550169002249647,1.1106749901823447,-0.01428131190468842,1.4883323710916285,5.914042454680537e-06,8.039,1405,1404,1405,1405
2.5180000000000007,1,0.5180000000000007,5.0,0.0,4.874765347906515,-0.014269042243576857,0.8553616118727689,-0.026985417070165857,1.2760001459293264,5.047871464280472e-06,8.038,1404,1405,1405,1404
2.5390000000000015,1,0.5390000000000015,5.0,0.0,4.903200706081748,-0.019651226306966946,1.1296308995632458,-0.2579224838920942,1.160183723102888,4.576874571499393e-06,8.038,1404,1405,1405,1404
2.558000000000007,1,0.5580000000000069,5.0,0.0,4.92523916521244,-0.023348873278136322,1.0892174172962208,-0.25402554080548456,1.0091518054112156,3.965379194663971e-06,8.038,1405,1404,1405,1405
2.5790000000000077,1,0.5790000000000077,5.0,0.0,4.9414198833561995,-0.022505820160735802,0.5985188047976392,0.016192741010927148,0.8899019318663763,3.4837904950159953e-06,8.038,1405,1404,1405,1405
2.602000000000004,1,0.6020000000000039,5.0,0.0,4.961074179579735,-0.022522887296027572,0.6357714035828292,-0.006856897110647885,0.7726642427231933,3.0122765712658974e-06,8.038,1405,1404,1405,1405
2.6189999999999998,1,0.6189999999999998,5.0,0.0,4.9782747303439425,-0.02416902291696015,0.8228857165557979,-0.11392279289969219,0.6590164583190867,2.55688017197521e-06,8.037,1405,1404,1405,1405
2.6400000000000006,1,0.6400000000000006,5.0,0.0,4.993694736168893,-0.022970868331311733,0.5576759811082554,0.010804947387876922,0.5901206603262854,2.281579297412213e-06,8.037,1405,1404,1405,1405
2.6580000000000013,1,0.6580000000000013,5.0,0.0,5.001806439581929,-0.01856211962678069,0.21717213456077009,0.21649092991276708,0.5122233666984949,1.971682944356876e-06,8.037,1404,1405,1405,1405
2.679000000000002,1,0.679000000000002,5.0,0.0,5.015939381635155,-0.016684484615688316,0.3979232725482256,0.07398137408787162,0.45389728644628835,1.7408746202329347e-06,8.037,1404,1405,1405,1405
2.698999999999998,1,0.6989999999999981,5.0,0.0,5.029633910921031,-0.015983686529514513,0.5259693358465571,-0.004977157680919634,0.3920351425555722,1.497284842732752e-06,8.037,1405,1405,1405,1405
2.719999999999999,1,0.7199999999999989,5.0,0.0,5.0390040766886415,-0.01110609519750901,0.18166737051201576,0.189578437118183,0.34297987016289433,1.3048932427176485e-06,8.036,1405,1405,1405,1405
2.7520000000000095,1,0.7520000000000095,5.0,0.0,5.052819841832285,-0.0044135482631195684,0.22002340503391984,0.15031094586805246,0.29870885179911955,1.1311890553445777e-06,8.036,1405,1405,1405,1405
2.760000000000005,1,0.7600000000000051,5.0,0.0,5.057579629910137,-0.0036872591138855373,0.2915054034631362,0.08958929015627634,0.24079060854555684,9.061491887464386e-07,8.036,1405,1405,1405,1405
2.781000000000006,1,0.7810000000000059,5.0,0.0,5.07081482897433,-0.0027314032378823448,0.37754775103701976,0.011066072890314315,0.22817076683690046,8.578349855798857e-07,8.036,1405,1405,1405,1405
2.798000000000002,1,0.7980000000000018,5.0,0.0,5.08066566930478,-0.002256165228812603,0.37546022111108174,-0.003485221584628031,0.19744560108263445,7.385932425725737e-07,8.036,1405,1405,1405,1405
2.8190000000000026,1,0.8190000000000026,5.0,0.0,5.093684436749648,-0.0016419364761594887,0.37289129625079004,-0.000649724871409937,0.17679294998194062,6.590528115432862e-07,8.035,1405,1405,1405,1405
2.8419999999999987,1,0.8419999999999987,5.0,0.0,5.10843551092276,-0.0010347167549099039,0.33661546787776475,-0.0014930737663505003,0.1534497646372171,5.694051884028065e-07,8.035,1405,1405,1405,1405
2.859000000000009,1,0.8590000000000089,5.0,0.0,5.113724211774465,-0.002655477414325455,0.14057819310504874,-0.09027292939319247,0.13096519543614504,4.840639345232785e-07,8.035,1405,1405,1405,1405
2.878,1,0.8780000000000001,5.0,0.0,5.118739705059371,-0.0055241614514291056,0.006488409989076017,-0.18262313008835473,0.11712617830085462,4.3109609641343304e-07,8.035,1405,1405,1405,1405
2.9010000000000105,1,0.9010000000000105,5.0,0.0,5.124290941307298,-0.01051081986545327,0.0026173515018166954,-0.2371284532116664,0.10313632337465534,3.7698112128551466e-07,8.035,1405,1404,1405,1405
2.9180000000000064,1,0.9180000000000064,5.0,0.0,5.126506483919321,-0.011960536688185065,-0.10898281189173419,-0.14889445534764173,0.08797964668861441,3.1949709908349054e-07,8.034,1405,1404,1405,1405
2.939000000000007,1,0.9390000000000072,5.0,0.0,5.126549172601633,-0.011882398056759863,-0.2862735319197593,-0.015902464641308216,0.0787694767682894,2.847642206289113e-07,8.034,1405,1404,1405,1405
2.9609999999999985,1,0.9609999999999985,5.0,0.0,5.125213443732073,-0.011375193978636936,-0.3445194374904975,0.0033943230392553345,0.0683896369525997,2.4586252554224414e-07,8.034,1405,1405,1405,1405
2.9780000000000086,1,0.9780000000000086,5.0,0.0,5.122901424698024,-0.011026390758556796,-0.36026339705334715,-0.00011303128791942606,0.05887494998504054,2.106773086008671e-07,8.034,1405,1405,1405,1405
3.0,1,1.0,5.0,0.0,5.121423542516363,-0.010549882511059257,-0.30694987523913664,-0.00045282686773730045,0.05258210126858408,1.8768365392007004e-07,8.033,1405,1405,1405,1405
3.0200000000000102,1,1.0200000000000102,5.0,0.0,5.1198513183467895,-0.010124790780375238,-0.2939471160501364,-0.00032690557273635476,0.0453518290988632,1.614259486363117e-07,8.033,1405,1405,1405,1405
3.040999999999997,1,1.0409999999999968,5.0,0.0,5.119019742815341,-0.009660818164490388,-0.2964430432636736,-0.00033163340162370165,0.03961023134330098,1.4041179485594516e-07,8.033,1405,1405,1405,1405
3.0589999999999975,1,1.0589999999999975,5.0,0.0,5.11873415553067,-0.009303911598640796,-0.2965306617841202,-0.00033510094513296046,0.034326823221191585,1.2113464376487568e-07,8.033,1405,1405,1405,1405
3.078000000000003,1,1.078000000000003,5.0,0.0,5.1166919289688355,-0.008883744074162599,-0.2964426697377034,-0.00033889673084178834,0.030474052915615567,1.0731097350839334e-07,8.033,1405,1405,1405,1405
3.102000000000004,1,1.1020000000000039,5.0,0.0,5.115776683620054,-0.008393071855275878,-0.24364954964130964,-0.00034856650946074775,0.026703813506668322,9.348730325191101e-08,8.033,1405,1405,1405,1405
3.118000000000009,1,1.1180000000000092,5.0,0.0,5.116431954893552,-0.00810035839545383,-0.23234937518549376,-0.00034910371359400016,0.02278757046657879,7.851648325513714e-08,8.032,1405,1405,1405,1405
3.1400000000000006,1,1.1400000000000006,5.0,0.0,5.11651349027677,-0.0076682030218684,-0.234743223087451,-0.00034897315146810394,0.020469873504276568,7.038874751660993e-08,8.032,1405,1405,1405,1405
3.1580000000000013,1,1.1580000000000013,5.0,0.0,5.116393108192648,-0.007296484650525001,-0.23510010047158417,-0.00034855835421321123,0.017656982824568467,6.156619416347954e-08,8.032,1405,1405,1405,1405
3.182000000000002,1,1.1820000000000022,5.0,0.0,5.112282188085946,-0.0046115674700254045,-0.3919869843858383,0.09512120977545777,0.01562102949800262,5.4828061848611826e-08,8.032,1405,1405,1405,1405
3.1980000000000075,1,1.1980000000000075,5.0,0.0,5.107451963682278,-0.0017543555994115967,-0.4982279889240214,0.17131228346196073,0.01331186943839959,4.635292048333771e-08,8.032,1404,1405,1405,1405
3.219999999999999,1,1.2199999999999989,5.0,0.0,5.108324520348747,-0.0016424093241859832,-0.17758844023662232,-0.0035399177094860134,0.011916246346522438,4.1004397953238854e-08,8.031,1404,1405,1405,1405
3.2460000000000093,1,1.2460000000000093,5.0,0.0,5.108179805715707,-0.0003174791748433974,-0.2293829920124455,0.02806291609732173,0.010315716745781578,3.5308469796393104e-08,8.031,1404,1405,1405,1405
3.260000000000005,1,1.2600000000000051,5.0,0.0,5.1042370790173175,0.0027626114160718175,-0.4486203783430717,0.16620610340756795,0.008658269457799494,2.926513601280045e-08,8.031,1405,1405,1405,1405
3.2790000000000106,1,1.2790000000000106,5.0,0.0,5.099033328643414,0.006709752057511733,-0.4725929549476413,0.1915382478427271,0.00788702670817667,2.648592598492677e-08,8.031,1405,1405,1405,1405
3.298000000000002,1,1.2980000000000018,5.0,0.0,5.0985086847377925,0.007556771387056018,-0.24475155797520887,0.03399202055488865,0.006938211963465075,2.322180381948514e-08,8.031,1405,1405,1405,1405
3.3200000000000074,1,1.3200000000000074,5.0,0.0,5.098395132842841,0.008228871339534528,-0.11880361673211422,-0.006547670551264473,0.006110051526601028,2.1484796359356085e-08,8.03,1405,1405,1405,1405
3.3389999999999986,1,1.3389999999999986,5.0,0.0,5.099808128227387,0.008719778679679298,-0.10864340351681612,-0.000706832239807919,0.005261968731933898,1.8705583150927724e-08,8.03,1405,1405,1405,1405
3.362000000000009,1,1.362000000000009,5.0,0.0,5.101255274557784,0.00938036019180335,-0.11252597919378492,-0.00023247734243147733,0.004638713970170234,1.6273773978968918e-08,8.03,1405,1405,1405,1405
3.378,1,1.3780000000000001,5.0,0.0,5.102972213360396,0.009790615937857097,-0.07497805476827119,-0.00038153460570166444,0.003963107209140812,1.2662253343028424e-08,8.03,1405,1405,1405,1405
3.4010000000000105,1,1.4010000000000105,5.0,0.0,5.105060543699127,0.010464907020357432,-0.048522117431020154,-0.00039339108497477764,0.0035675256976320153,1.1272647533952913e-08,8.03,1405,1405,1405,1405
3.426000000000002,1,1.426000000000002,5.0,0.0,5.107457513210979,0.011159230934301602,-0.05113461809780375,-0.000387675715537497,0.003123562984699523,9.535640868962529e-09,8.03,1405,1405,1405,1405
3.4399999999999977,1,1.4399999999999977,5.0,0.0,5.108930699637586,0.011510102721194583,-0.05119249461287036,-0.00038869243780385534,0.0027126254286856,8.008526958788625e-09,8.03,1405,1405,1405,1405
3.460000000000008,1,1.460000000000008,5.0,0.0,5.111099711585888,0.01208122142839403,-0.051129302022834514,-0.00038744155831829343,0.002507719753585217,8.008526958788625e-09,8.03,1405,1405,1405,1405
3.4780000000000086,1,1.4780000000000086,5.0,0.0,5.112880256525146,0.012537132386675748,-0.05110079732223095,-0.00038837466975607447,0.0023597323910485514,8.008526958788625e-09,8.03,1405,1405,1405,1405
3.5,1,1.5,5.0,0.0,5.114553652871799,0.01305475767261557,-0.051098032563040546,-0.0003886280295868896,0.002265817289960876,8.35592860984217e-09,8.029,1405,1405,1405,1405
3.5200000000000102,1,1.5200000000000102,5.0,0.0,5.115888954854536,0.013482709211509201,-0.05083343610387528,-0.00039864903100710243,0.002265817289960876,8.35592860984217e-09,8.029,1405,1405,1405,1405
3.540999999999997,1,1.5409999999999968,5.0,0.0,5.117374947885837,0.013977335969853122,-0.050843454604005515,-0.00039868884320593884,0.002177594082661822,7.66112610287375e-09,8.029,1405,1405,1405,1405
3.558000000000007,1,1.558000000000007,5.0,0.0,5.118959978660103,0.0143409109747874,-0.050819268797432794,-0.00039964045376752474,0.002097908403384452,7.313724451820204e-09,8.029,1405,1405,1405,1405
3.5799999999999983,1,1.5799999999999983,5.0,0.0,5.117173030418499,0.012415549683364233,-0.192210341125099,-0.10396511080154085,0.002097908403384452,7.313724451820204e-09,8.029,1405,1405,1405,1405
3.597999999999999,1,1.597999999999999,5.0,0.0,5.113426244771923,0.009067888208671857,-0.3383847003162096,-0.21185201750692517,0.0020495280357240827,6.9663228007666596e-09,8.029,1405,1405,1405,1405
3.6189999999999998,1,1.6189999999999998,5.0,0.0,5.10828396610055,0.004437701552922559,-0.3613719154112991,-0.24904169050634378,0.0020495280357240827,6.9663228007666596e-09,8.028,1405,1405,1405,1405
3.64200000000001,1,1.6420000000000101,5.0,0.0,5.102330602465238,-0.0008532932943551615,-0.3552671670363357,-0.24438763695849414,0.0019726884075614392,6.9663228007666596e-09,8.028,1405,1405,1405,1405
3.660000000000011,1,1.6600000000000108,5.0,0.0,5.098009654041559,-0.004832879106099706,-0.35537050032795864,-0.2441660560168654,0.0019015404647465856,6.27152029379824e-09,8.028,1405,1405,1405,1405
3.679000000000002,1,1.679000000000002,5.0,0.0,5.093225106527965,-0.009025802337244277,-0.3555237793778872,-0.24431205131037442,0.0019015404647465856,6.27152029379824e-09,8.028,1405,1405,1405,1405
3.700000000000003,1,1.7000000000000028,5.0,0.0,5.088422629767799,-0.013275178849457257,-0.33681767882979413,-0.23147172255757356,0.0019015404647465856,6.27152029379824e-09,8.028,1405,1405,1405,1404
3.7210000000000036,1,1.7210000000000036,5.0,0.0,5.087286683931461,-0.014814263428094448,-0.14652806160449677,-0.09443681681649455,0.0019015404647465856,6.27152029379824e-09,8.028,1405,1405,1405,1404
3.747,1,1.7469999999999999,5.0,0.0,5.077687279939831,-0.02053451851002703,-0.48858434878534523,-0.2558857801785346,0.0018303927303725631,6.27152029379824e-09,8.028,1405,1405,1405,1404
3.760000000000005,1,1.7600000000000051,5.0,0.0,5.067041576344721,-0.021058793892258357,-0.8145332489745186,-0.1610330622045031,0.0018303927303725631,6.27152029379824e-09,8.028,1405,1405,1405,1404
3.781000000000006,1,1.781000000000006,5.0,0.0,5.056449233602501,-0.016484142961036743,-0.6515837183982319,0.20516029975016384,0.0017620908386724358,5.92411904031403e-09,8.028,1405,1405,1405,1404
3.798000000000002,1,1.7980000000000018,5.0,0.0,5.057079745440257,-0.01495203614767834,-0.07380554340749007,0.14158826068941727,0.0017620908386724358,5.92411904031403e-09,8.028,1406,1405,1404,1405
3.8200000000000074,1,1.8200000000000074,5.0,0.0,5.053991219274942,-0.019153351206703306,-0.17722321187901174,-0.19341737695770042,0.0016966348938666188,5.2293157382069395e-09,8.027,1406,1405,1404,1405
3.8419999999999987,1,1.8419999999999987,5.0,0.0,5.038757336104875,-0.01951398552838531,-0.7656400868529227,-0.031994276934045864,0.0016966348938666188,5.2293157382069395e-09,8.027,1406,1405,1404,1405
3.858000000000004,1,1.858000000000004,5.0,0.0,5.032291708281812,-0.014050489530349673,-0.6382787766993115,0.3004723479458787,0.0016966348938666188,5.2293157382069395e-09,8.027,1405,1406,1404,1405
3.879000000000005,1,1.8790000000000049,5.0,0.0,5.030729302509171,-0.010230186802467683,-0.12614796440015555,0.22300379543085191,0.0016966348938666188,5.2293157382069395e-09,8.027,1405,1406,1404,1405
3.9010000000000105,1,1.9010000000000105,5.0,0.0,5.02690525034761,-0.015757031304281202,-0.2263005489843599,-0.23165952607932247,0.0016340247917346967,4.881914484722729e-09,8.027,1405,1405,1405,1404
3.918999999999997,1,1.918999999999997,5.0,0.0,5.026360969648125,-0.021403223189928107,-0.11643654263809489,-0.29774213990772475,0.0016340247917346967,4.881914484722729e-09,8.026,1405,1405,1405,1404
3.9380000000000024,1,1.9380000000000024,5.0,0.0,5.031997583260678,-0.022317521383571008,0.2165988122170989,-0.06798321401655749,0.001574260636497085,4.881914087153394e-09,8.026,1405,1405,1405,1404
3.959000000000003,1,1.9590000000000032,5.0,0.0,5.0375722982838775,-0.024509033268999884,0.2423348716282144,-0.056996074334118456,0.001574260636497085,4.881914087153394e-09,8.026,1405,1405,1405,1405
3.9780000000000086,1,1.9780000000000086,5.0,0.0,5.0385750554314,-0.030023920770949248,0.017921069020577968,-0.2395891622622957,0.001574260636497085,4.881914087153394e-09,8.026,1405,1405,1405,1405
4.001000000000005,2,0.0010000000000047748,-5.0,0.0,5.037008807677352,-0.0364034608630333,-0.10132103385005917,-0.27493912647681407,0.001517342428153784,4.534513231238519e-09,8.026,1405,1405,1405,1405
4.0190000000000055,2,0.019000000000005457,-5.0,0.0,5.027127231495635,-0.03823910421795398,-0.4463596390886504,-0.0963246771010221,0.0014575782729161725,3.839710326700764e-09,8.026,1405,1405,1405,1405
4.038000000000011,2,0.038000000000010914,-5.0,0.0,4.878119824562638,-0.03868715862441086,-6.228162636189487,0.0024294802367975186,-17.536942703472743,7.061786475253194e-06,8.026,1405,1405,1405,1405
4.0589999999999975,2,0.0589999999999975,-5.0,0.0,4.144191238809026,-0.039183314504695435,-32.97829457712636,0.0022898457237057355,-38.34233924556627,6.581735026738301e-06,8.026,1415,1394,1394,1415
4.082000000000008,2,0.08200000000000784,-5.0,0.0,2.61597974103122,-0.03899083857326528,-65.43470806015038,0.021509841509057083,-55.80719784008599,6.4430233528595665e-06,8.026,1415,1394,1394,1415
4.097999999999999,2,0.09799999999999898,-5.0,0.0,1.6934984471541177,-0.036206896156250404,-62.33897946035547,0.15084097921981604,-47.71861461739009,6.367635352244648e-06,8.026,1398,1407,1407,1399
4.1200000000000045,2,0.12000000000000455,-5.0,0.0,0.9507987245674464,-0.03400291617403827,-36.48744086700381,0.14162894833974646,-42.89067149690448,6.252025192017068e-06,8.025,1398,1407,1407,1399
4.141000000000005,2,0.14100000000000534,-5.0,0.0,0.3099977137541226,-0.03432596277743872,-29.126098621090435,-0.0014390725832250872,-36.99649145075028,6.022696309264319e-06,8.025,1398,1407,1407,1399
4.160000000000011,2,0.1600000000000108,-5.0,0.0,-0.44568646524900746,-0.03292137839732923,-38.80349995794719,0.06332024253616847,-32.12884444061938,5.750912263068148e-06,8.025,1397,1406,1407,1397
4.180000000000007,2,0.18000000000000682,-5.0,0.0,-1.183594943535047,-0.02637987477650861,-36.413425522062965,0.3203318966900577,-28.26605486118077,5.475975549293959e-06,8.025,1397,1406,1407,1397
4.1980000000000075,2,0.1980000000000075,-5.0,0.0,-1.5811332975709456,-0.022955113539495746,-23.71768333625483,0.25398634725903635,-24.615455353592353,5.159517584708576e-06,8.025,1407,1399,1399,1407
4.2180000000000035,2,0.21800000000000352,-5.0,0.0,-1.9684528348348587,-0.02189932237430648,-18.659135953916667,0.06272059995180894,-21.769542630237943,4.870823368937498e-06,8.025,1407,1399,1399,1407
4.25,2,0.25,-5.0,0.0,-2.711734724326568,-0.017244186601659127,-23.615795696858456,0.1823057263951475,-19.05094463301257,4.5565467050859745e-06,8.025,1407,1399,1399,1407
4.26100000000001,2,0.2610000000000099,-5.0,0.0,-2.906235033113259,-0.01546722517717837,-20.48556610401851,0.18735715821447438,-15.408906767548766,4.062023681881547e-06,8.025,1401,1407,1406,1401
4.278000000000006,2,0.2780000000000058,-5.0,0.0,-3.106624672511794,-0.01406295095702631,-13.759522804696468,0.13329192872537898,-14.294948163922937,3.8918044664396114e-06,8.025,1401,1407,1406,1401
4.299000000000007,2,0.2990000000000066,-5.0,0.0,-3.3565713897635905,-0.014288360539849953,-10.92011669030014,0.0031322580939899007,-12.76935711090889,3.6420292479726686e-06,8.025,1404,1404,1404,1404
4.319000000000003,2,0.3190000000000026,-5.0,0.0,-3.6292521782243634,-0.013785788017005274,-13.384305508868172,0.029921921500648627,-11.07619846566598,3.339677068844013e-06,8.025,1404,1404,1404,1404
4.338000000000008,2,0.33800000000000807,-5.0,0.0,-3.8425133091137873,-0.012965026395899857,-12.322253781613501,0.06248663929230956,-9.660255000719086,3.0655942703907042e-06,8.025,1404,1404,1404,1404
4.358000000000004,2,0.3580000000000041,-5.0,0.0,-4.003257115474983,-0.013156569346167745,-7.6774587686272,0.006458023901526392,-8.520433032027357,2.8266079005142846e-06,8.025,1405,1404,1403,1404
4.38000000000001,2,0.38000000000000966,-5.0,0.0,-4.1473578852629736,-0.012180696897105584,-6.203646525937373,0.039418469113278246,-7.436527260749585,2.58280296485101e-06,8.025,1405,1404,1403,1404
4.39800000000001,2,0.39800000000001035,-5.0,0.0,-4.283056241711378,-0.010027726555203684,-7.257973309240758,0.11758532175955286,-6.419284989544784,2.337692831324213e-06,8.024,1403,1406,1405,1403
4.418000000000006,2,0.41800000000000637,-5.0,0.0,-4.412711588291614,-0.010137198846198984,-6.524020817825052,0.010585831050641079,-5.6581287084385625,2.1424293685428103e-06,8.024,1403,1406,1405,1403
4.439000000000007,2,0.43900000000000716,-5.0,0.0,-4.504930668031012,-0.012878483430144368,-3.9718493443503253,-0.1472160030601772,-4.973470546036484,1.957796795284231e-06,8.024,1403,1406,1405,1403
4.457999999999998,2,0.4579999999999984,-5.0,0.0,-4.56798441312763,-0.0127923073202525,-3.300436412852783,-0.040238962262592555,-4.304840276295487,1.7658698106969955e-06,8.024,1405,1404,1404,1405
4.478000000000009,2,0.47800000000000864,-5.0,0.0,-4.656210820410331,-0.012358377698308453,-3.8929141287729574,0.0055980924962275415,-3.797767032313741,1.6115911282075563e-06,8.024,1405,1404,1404,1405
4.50500000000001,2,0.5050000000000097,-5.0,0.0,-4.750788449847498,-0.010612027894357117,-3.2294605020925955,0.05111440433971808,-3.307814938147101,1.4564480472890075e-06,8.024,1405,1404,1404,1405
4.5190000000000055,2,0.5190000000000055,-5.0,0.0,-4.783570369655797,-0.009442204586540374,-2.4224083379716506,0.06280989266901496,-2.765771125614889,1.274518996398547e-06,8.023,1405,1405,1405,1405
4.542000000000002,2,0.5420000000000016,-5.0,0.0,-4.836266559762914,-0.00905092612755922,-1.8064460838074452,-0.009011603347795386,-2.5178809356335003,1.1880657188246296e-06,8.023,1405,1405,1405,1405
4.558000000000007,2,0.5580000000000069,-5.0,0.0,-4.875246022469354,-0.010006107905913003,-2.018874145061539,-0.086546400860396,-2.1494148549129384,1.053590849114854e-06,8.023,1405,1405,1405,1404
4.579000000000008,2,0.5790000000000077,-5.0,0.0,-4.920805518667455,-0.008193949996370855,-1.847482287227705,0.027234240394721956,-1.927752591344399,9.688891666151122e-07,8.023,1405,1405,1405,1404
4.597999999999999,2,0.597999999999999,-5.0,0.0,-4.948619329628216,-0.004205788616152858,-1.2614476808506738,0.17898744173749812,-1.6811371921385698,8.718366523985614e-07,8.023,1405,1405,1404,1405
4.6200000000000045,2,0.6200000000000045,-5.0,0.0,-4.979830305927413,-0.00244025850375895,-0.9768240931827222,0.04040010870326924,-1.4793278338880245,7.874248329302695e-07,8.022,1405,1405,1404,1405
4.63900000000001,2,0.63900000000001,-5.0,0.0,-5.005896015347474,-0.002528153833629891,-1.0474332014401389,-0.059058684741756524,-1.273693676423978,7.005413916967936e-07,8.022,1405,1405,1404,1405
4.663000000000011,2,0.6630000000000109,-5.0,0.0,-5.031970689390821,0.0011109360631576925,-0.6464766578897664,0.10847125473528403,-1.1223366844164953,6.330438638022744e-07,8.022,1405,1405,1405,1405
4.679000000000002,2,0.679000000000002,-5.0,0.0,-5.046159126731053,0.004989462776972569,-0.48285558097984993,0.2071111992122752,-0.951308747599376,5.542772490047683e-07,8.022,1405,1405,1405,1405
4.6980000000000075,2,0.6980000000000075,-5.0,0.0,-5.061999616076782,0.006356397740314344,-0.406253755458114,0.04581038558817964,-0.8580538803445176,5.112065337305137e-07,8.022,1405,1405,1405,1405
4.719999999999999,2,0.7199999999999989,-5.0,0.0,-5.076495411929664,0.004499608896790727,-0.24806382619669481,-0.14094743686683933,-0.7544171255512397,4.6003334268301203e-07,8.021,1405,1405,1405,1405
4.747,2,0.7469999999999999,-5.0,0.0,-5.096788757727419,0.0009817151497924493,-0.23864755665218598,-0.187669372564738,-0.6502340089852139,4.081652894931417e-07,8.021,1405,1405,1405,1405
4.75800000000001,2,0.7580000000000098,-5.0,0.0,-5.104798862076551,-0.0004644300392898064,-0.24087403823905149,-0.18441027843315766,-0.542408053714044,3.520561574688206e-07,8.021,1405,1405,1405,1405
4.779000000000011,2,0.7790000000000106,-5.0,0.0,-5.117094910129866,-0.0018199733985231545,-0.16337485659446543,-0.1201590357563915,-0.5034304586374555,3.310129206964468e-07,8.021,1405,1405,1405,1405
4.802999999999997,2,0.8029999999999973,-5.0,0.0,-5.126564967414089,-0.001283880776005263,0.041772649891217845,-0.017079578375651158,-0.4369499596094736,2.951146615621418e-07,8.021,1405,1405,1405,1405
4.822000000000003,2,0.8220000000000027,-5.0,0.0,-5.1305362955296285,-0.004187070629474784,0.3280017455607324,-0.18643212114918722,-0.37028731331014914,2.576892527364228e-07,8.02,1405,1405,1405,1405
4.838000000000008,2,0.8380000000000081,-5.0,0.0,-5.135033975098082,-0.005536137210968104,0.3568351756985297,-0.19388857996915196,-0.32693837048432606,2.312903181025887e-07,8.02,1405,1405,1405,1405
4.858000000000004,2,0.8580000000000041,-5.0,0.0,-5.145988317866313,-0.003823311362845367,0.04123736049544454,0.02113033412071829,-0.2936070473346638,2.1087675482383232e-07,8.02,1404,1405,1405,1405
4.879000000000005,2,0.8790000000000049,-5.0,0.0,-5.155109608616042,-0.003151780662277968,0.06626552149189846,0.0069069554270026695,-0.25663296552113696,1.8868641920004185e-07,8.02,1404,1405,1405,1405
4.89800000000001,2,0.8980000000000103,-5.0,0.0,-5.1559928374530895,-0.006053493191353493,0.345686039136821,-0.17648683210911975,-0.2229373745092162,1.6736821711434615e-07,8.02,1405,1405,1405,1405
4.920000000000002,2,0.9200000000000017,-5.0,0.0,-5.156166580390101,-0.010429228620093371,0.4656759476699754,-0.25138151054474916,-0.19616303296276622,1.4924899148282899e-07,8.02,1405,1405,1405,1405
4.939999999999998,2,0.9399999999999977,-5.0,0.0,-5.157776370600109,-0.01568959152386059,0.49118718446764903,-0.29444566649869447,-0.16902441021384446,1.320344809915635e-07,8.02,1405,1405,1405,1405
4.962000000000003,2,0.9620000000000033,-5.0,0.0,-5.159417750435027,-0.020528822238980945,0.4618557374898226,-0.280692973883168,-0.14753208607227541,1.1812389253674613e-07,8.02,1405,1405,1405,1405
4.980000000000004,2,0.980000000000004,-5.0,0.0,-5.161234153867428,-0.024124143104625743,0.4261272580653239,-0.24322906612053072,-0.12749686006016694,1.0466566801316396e-07,8.02,1405,1405,1405,1405
5.0020000000000095,2,1.0020000000000095,-5.0,0.0,-5.1544543373425435,-0.025985786535117426,0.6321827795042222,-0.11078319372805401,-0.11292578538406867,9.451139097046736e-08,8.02,1405,1405,1405,1405
5.021000000000001,2,1.0210000000000008,-5.0,0.0,-5.149788891252602,-0.025035314685794573,0.8360332970995435,0.0033797448959337548,-0.0970797531797457,8.216774730723852e-08,8.019,1405,1405,1405,1405
5.040000000000006,2,1.0400000000000063,-5.0,0.0,-5.1443371196344625,-0.02305729790525483,0.8617125672229701,0.053845899708448,-0.08542289477288839,7.326557194821239e-08,8.019,1405,1405,1405,1405
5.060000000000002,2,1.0600000000000023,-5.0,0.0,-5.137156456382663,-0.020790427155331026,0.8528277184124,0.06285512933205308,-0.07540528843694078,6.572041204957949e-08,8.019,1405,1405,1405,1405
5.078000000000003,2,1.078000000000003,-5.0,0.0,-5.131576618717586,-0.018941046715844293,0.8524550462158111,0.060922739415788206,-0.06575194996325168,5.8417731278751996e-08,8.019,1405,1405,1405,1405
5.099000000000004,2,1.0990000000000038,-5.0,0.0,-5.124086035632198,-0.016731784009195984,0.8262319222797224,0.06071736683322503,-0.05828427869407327,5.3514295570777145e-08,8.019,1405,1405,1405,1405
5.121000000000009,2,1.1210000000000093,-5.0,0.0,-5.113064671632736,-0.014536173343254436,0.7881813119395515,0.060812429192649856,-0.05063446682365899,4.7326192479748316e-08,8.018,1405,1405,1405,1405
5.14200000000001,2,1.1420000000000101,-5.0,0.0,-5.1077055344552145,-0.012317732569908924,0.7497825753951217,0.060809027438278075,-0.04353107008684573,4.0928201404735036e-08,8.018,1405,1405,1405,1405
5.158000000000001,2,1.1580000000000013,-5.0,0.0,-5.104132491745652,-0.010735840080803475,0.7281453365173146,0.060808233695591324,-0.037884781484652956,3.658204340471813e-08,8.018,1405,1405,1405,1405
5.177999999999997,2,1.1779999999999973,-5.0,0.0,-5.098608149367581,-0.008584506416311333,0.7080495859578149,0.06080802025217976,-0.03405987554944582,3.3140600544952884e-08,8.018,1405,1405,1405,1405
5.204999999999998,2,1.2049999999999983,-5.0,0.0,-5.090544257278735,-0.005935511928730437,0.6651476736770838,0.060828597531075744,-0.029688554480637657,2.9141854532792244e-08,8.017,1405,1405,1405,1405
5.219999999999999,2,1.2199999999999989,-5.0,0.0,-5.08635649754387,-0.004582770118494268,0.6616688662337259,0.06082380172442219,-0.024588681012045904,2.5490512557101156e-08,8.017,1405,1405,1405,1405
5.247,2,1.2469999999999999,-5.0,0.0,-5.081004190555519,-0.0017906020009417793,0.6045189125400838,0.06082338150770568,-0.022403020477641825,2.2848810630325868e-08,8.017,1405,1405,1405,1405
5.25800000000001,2,1.2580000000000098,-5.0,0.0,-5.078735713977429,-0.0007464771127667876,0.6048120237050126,0.0608231613941875,-0.018578114542434684,2.020710234244122e-08,8.017,1405,1405,1405,1405
5.278000000000006,2,1.2780000000000058,-5.0,0.0,-5.0757748269722285,0.001138669115802657,0.5734978475163256,0.0608234548788784,-0.01730314534152342,1.8955010200434796e-08,8.017,1405,1405,1405,1405
5.299000000000007,2,1.2990000000000066,-5.0,0.0,-5.070440022343625,0.0029655514941301707,0.5422851103089837,0.06084383872468266,-0.015117484807119337,1.5965905827467295e-08,8.017,1405,1405,1405,1405
5.323999999999998,2,1.323999999999998,-5.0,0.0,-5.066051198915069,0.005229011318285601,0.5398427840721753,0.060838189144382854,-0.013113963206424481,1.4366408058713973e-08,8.016,1405,1405,1405,1405
5.338000000000008,2,1.338000000000008,-5.0,0.0,-5.065090703563036,0.006431024143727012,0.4993806900681669,0.06083797570097129,-0.011110440771966299,1.1724705336800016e-08,8.016,1405,1405,1405,1405
5.358000000000004,2,1.358000000000004,-5.0,0.0,-5.063042927472502,0.00834340290639453,0.4812808488501918,0.06083848262907375,-0.010199748604710157,1.068249958850071e-08,8.016,1405,1405,1405,1405
5.382000000000005,2,1.382000000000005,-5.0,0.0,-5.059495497972326,0.010555920625069173,0.483528461334802,0.060838509309500195,-0.008924780237562218,9.430404265939605e-09,8.016,1405,1405,1405,1405
5.39800000000001,2,1.3980000000000103,-5.0,0.0,-5.058940118215439,0.01182281816321739,0.4434307685951843,0.0608387494333382,-0.007467672936705057,8.525708209016033e-09,8.016,1405,1405,1405,1405
5.418999999999997,2,1.418999999999997,-5.0,0.0,-5.0562392052855225,0.013721049629762255,0.41938642164347667,0.06085759248451524,-0.0067391197031581385,8.178307353101158e-09,8.015,1405,1405,1405,1405
5.445999999999998,2,1.445999999999998,-5.0,0.0,-5.053528473958673,0.016078710535826324,0.42206302870490187,0.060853330286390596,-0.00582842795278366,7.621012947231131e-09,8.015,1405,1405,1405,1405
5.460000000000008,2,1.460000000000008,-5.0,0.0,-5.052854846551781,0.016758499453701056,0.41244185348529266,0.04341632424281084,-0.00491773620240918,7.2736112961775865e-09,8.015,1405,1405,1405,1405
5.481000000000009,2,1.4810000000000088,-5.0,0.0,-5.052121454989651,0.017306683833080733,0.3612229319100282,-0.001408551530236998,-0.004553459168754059,7.273610501038917e-09,8.015,1405,1405,1405,1405
5.50500000000001,2,1.5050000000000097,-5.0,0.0,-5.049681796795487,0.01788067985751965,0.35948873087150607,-0.0005915976541331226,-0.0038249059352071404,7.2736112961775865e-09,8.015,1405,1405,1405,1405
5.52000000000001,2,1.5200000000000102,-5.0,0.0,-5.049213075063695,0.01824733561794504,0.36029226527476105,1.1031470461622996e-06,-0.0032784908016061202,7.063718541361106e-09,8.014,1405,1405,1405,1405
5.5390000000000015,2,1.5390000000000015,-5.0,0.0,-5.048745207105549,0.018740643362706564,0.3551183969784764,-7.372257139795141e-05,-0.0030963522847785594,7.411120192414651e-09,8.014,1405,1405,1405,1405
5.560000000000002,2,1.5600000000000023,-5.0,0.0,-5.0480148037511805,0.01924867036523267,0.29990800356570635,-0.00010837959855959867,-0.0027320756680051005,7.411120192414651e-09,8.014,1405,1405,1405,1405
5.582999999999998,2,1.5829999999999984,-5.0,0.0,-5.04855823067702,0.01982311161928789,0.28829860296738874,-0.000103790747596724,-0.002549937151177539,6.716317685446231e-09,8.014,1405,1405,1405,1405
5.599000000000004,2,1.5990000000000038,-5.0,0.0,-5.050995327550245,0.01912600376959681,0.14262348791592377,-0.04234701610657369,-0.0021856605344040803,7.0637177462224355e-09,8.014,1405,1405,1405,1405
5.618000000000009,2,1.6180000000000092,-5.0,0.0,-5.057089563837189,0.016838018797194806,-0.007199281186877934,-0.13911185020782485,-0.0021856605344040803,6.7163168903075605e-09,8.014,1405,1405,1405,1405
5.641000000000005,2,1.6410000000000053,-5.0,0.0,-5.064489220029252,0.013231326233540999,-0.009526231254576736,-0.18679594878440942,-0.0021856605344040803,6.7163168903075605e-09,8.014,1405,1405,1405,1405
5.658000000000001,2,1.6580000000000013,-5.0,0.0,-5.0692165647085465,0.010701501538204967,-0.006096706727680052,-0.18420836096581916,-0.0021856605344040803,6.7163168903075605e-09,8.014,1405,1405,1405,1405
5.679000000000002,2,1.679000000000002,-5.0,0.0,-5.07448178678498,0.0073335270875910805,-0.006284672416395946,-0.18284875311458995,-0.0021856605344040803,6.7163168903075605e-09,8.014,1405,1405,1405,1405
5.704999999999998,2,1.7049999999999983,-5.0,0.0,-5.080967905175553,0.0029882163079546745,-0.0070184996198641185,-0.1830034729075466,-0.002003522017576519,6.021513985769805e-09,8.013,1405,1405,1405,1405
5.719000000000008,2,1.7190000000000083,-5.0,0.0,-5.084902947911127,0.000934624092895969,-0.007018808946058219,-0.18300732822916796,-0.002003522017576519,5.674112732285595e-09,8.013,1405,1405,1405,1405
5.754000000000005,2,1.7540000000000049,-5.0,0.0,-5.094519427375682,-0.004813402394794592,-0.006990128321392781,-0.18300061810191695,-0.002003522017576519,5.674112732285595e-09,8.013,1405,1405,1405,1405
5.7620000000000005,2,1.7620000000000005,-5.0,0.0,-5.096596231770189,-0.006093809817002415,-0.007001129828484861,-0.18300072482362273,-0.002003522017576519,6.3689156368233506e-09,8.013,1405,1405,1405,1405
5.778000000000006,2,1.7780000000000058,-5.0,0.0,-5.1005859160191225,-0.008217001884819648,-0.00701775923803026,-0.17557453494746025,-0.002003522017576519,6.3689156368233506e-09,8.013,1405,1405,1405,1405
5.799999999999997,2,1.7999999999999972,-5.0,0.0,-5.10459523706192,-0.010596140534172231,-0.007597633293920417,-0.1213351222943163,-0.002003522017576519,6.3689156368233506e-09,8.013,1405,1405,1405,1405
5.819000000000003,2,1.8190000000000026,-5.0,0.0,-5.109577860061444,-0.012379636995605448,-0.007570871992432392,-0.12051818097677253,-0.0018213837091897898,5.674112732285595e-09,8.012,1405,1405,1405,1405
5.838000000000008,2,1.838000000000008,-5.0,0.0,-5.114247148132795,-0.014289230988762733,-0.007569602170886258,-0.12208807060903087,-0.0018213837091897898,5.674112732285595e-09,8.012,1405,1405,1405,1405
5.859000000000009,2,1.8590000000000089,-5.0,0.0,-5.119296792363549,-0.016516964888144497,-0.007568383208903035,-0.12205159846608006,-0.0018213837091897898,5.674112732285595e-09,8.012,1405,1405,1405,1405
5.882000000000005,2,1.882000000000005,-5.0,0.0,-5.124645684257316,-0.0188438265769307,-0.00757964901896959,-0.1220155665501656,-0.0018213837091897898,5.674112732285595e-09,8.012,1405,1405,1405,1405
5.899000000000001,2,1.899000000000001,-5.0,0.0,-5.127507533519551,-0.020502903872215927,-0.007587573939387189,-0.12202204989379183,-0.0018213837091897898,5.674112732285595e-09,8.012,1405,1405,1405,1405
5.918000000000006,2,1.9180000000000064,-5.0,0.0,-5.131247488976956,-0.02258187271631831,-0.008079234167815714,-0.1220221566154976,-0.0018213837091897898,5.326711876370721e-09,8.012,1405,1405,1405,1405
5.9410000000000025,2,1.9410000000000025,-5.0,0.0,-5.136593819549784,-0.024935384816070123,-0.008090537497231957,-0.12202226333720338,-0.0016392454008030601,4.9793098277478404e-09,8.012,1405,1405,1405,1405
5.959000000000003,2,1.9590000000000032,-5.0,0.0,-5.140526727851242,-0.026677471588133484,-0.008109791593728918,-0.12202242341976205,-0.0016392454008030601,4.42201661458582e-09,8.012,1405,1405,1405,1405
5.978999999999999,2,1.9789999999999992,-5.0,0.0,-5.144254730477599,-0.028763070518207538,-0.008100038230336485,-0.12202231669805627,-0.0016392454008030601,4.9793098277478404e-09,8.012,1405,1405,1405,1405
6.001000000000005,3,0.0010000000000047748,0.0,0.0,-5.147844848660087,-0.031191299484692937,-0.008113317578836338,-0.12202799962888913,-0.0016392454008030601,4.42201661458582e-09,8.012,1405,1405,1405,1405
6.018000000000001,3,0.018000000000000682,0.0,0.0,-5.150457396017617,-0.032999982268690574,-0.008466097016220161,-0.12203100117686425,-0.0016392454008030601,4.28450732077942e-09,8.011,1405,1405,1405,1405
6.040000000000006,3,0.04000000000000625,0.0,0.0,-5.054899634434554,-0.03338346337304307,3.8254173456212452,-0.04070930816534454,12.188561366346963,0.0,8.011,1405,1405,1405,1405
6.058000000000007,3,0.058000000000006935,0.0,0.0,-4.557912872309624,-0.03122126827369769,23.800893823365804,0.08273087976519101,29.78305353621894,0.0,8.011,1402,1408,1408,1402
6.081000000000003,3,0.08100000000000307,0.0,0.0,-3.605542884067957,-0.027534823746582063,41.267637550096445,0.14285300628442002,26.387228622408465,0.0,8.011,1402,1408,1408,1402
6.099000000000004,3,0.09900000000000375,0.0,0.0,-3.2348241215817595,-0.02653103440006146,26.28787669074146,0.04893513710250098,22.507218428524954,0.0,8.011,1398,1408,1407,1397
6.1200000000000045,3,0.12000000000000455,0.0,0.0,-2.9906177514405354,-0.02371791526920192,10.358746857511377,0.10735820070483641,20.024169750111223,0.0,8.01,1398,1408,1407,1397
6.13900000000001,3,0.13900000000001,0.0,0.0,-2.5871757660842185,-0.019497577066121412,18.838486476237446,0.18876050862486077,17.293384987859255,0.0,8.01,1398,1408,1407,1397
6.158000000000001,3,0.15800000000000125,0.0,0.0,-2.176431668174924,-0.014341486271482629,24.81827782099588,0.2804164846239147,15.267933370626995,0.0,8.01,1409,1395,1395,1409
6.177999999999997,3,0.17799999999999727,0.0,0.0,-1.879228579603101,-0.009723170321093199,16.41466407566419,0.23643759024929017,13.452724367557835,0.0,8.01,1409,1395,1395,1409
6.203000000000003,3,0.20300000000000296,0.0,0.0,-1.6779455728054697,-0.006472175783347341,7.1691953641825785,0.10299821881726752,11.760239349721818,0.0,8.01,1401,1406,1406,1401
6.219999999999999,3,0.21999999999999886,0.0,0.0,-1.47502801636209,-0.0016993025196294918,11.318667619880493,0.23212240479772306,9.926890217990751,0.0,8.01,1401,1406,1406,1401
6.254000000000005,3,0.2540000000000049,0.0,0.0,-1.0758126374415418,0.009137459088154793,10.782547288905976,0.2762761093264176,8.859097716738685,0.0,8.01,1401,1406,1406,1401
6.259,3,0.25900000000000034,0.0,0.0,-1.0491786349381944,0.009377908093860356,8.891665766248599,0.19351818894902423,7.047296551178539,0.0,8.01,1403,1405,1405,1403
6.279000000000011,3,0.2790000000000106,0.0,0.0,-0.9652448948271407,0.009478755937007194,3.877123158298711,-0.008163395905510957,6.812551487141662,0.0,8.01,1403,1405,1405,1403
6.302000000000007,3,0.3020000000000067,0.0,0.0,-0.8162887676737706,0.01085615463009551,6.600818184192206,0.05260081091762889,5.933423751804158,0.0,8.01,1405,1402,1402,1405
6.317999999999998,3,0.31799999999999784,0.0,0.0,-0.6868276545980564,0.013819780547823318,8.309499714984439,0.16321377351980157,5.099896066912952,0.0,8.01,1405,1402,1402,1405
6.340000000000003,3,0.3400000000000034,0.0,0.0,-0.5761560717639299,0.017510705719055115,5.002550076427814,0.16727109264977427,4.578672378518231,0.0,8.01,1405,1402,1402,1405
6.362000000000009,3,0.362000000000009,0.0,0.0,-0.5205404560343078,0.016942332594489563,2.4124785235789217,-0.02370701631499899,3.941441769052252,0.0,8.01,1402,1405,1406,1402
6.378,3,0.3780000000000001,0.0,0.0,-0.45740346800717924,0.01653675342693369,3.5360126255342847,-0.04312664484773362,3.3970972499868033,0.0,8.01,1402,1405,1406,1402
6.399000000000001,3,0.3990000000000009,0.0,0.0,-0.370972706785104,0.01650245240368487,4.495449511689388,0.00017423347645427635,3.0570539342801912,0.0,8.01,1405,1403,1403,1405
6.420000000000002,3,0.4200000000000017,0.0,0.0,-0.3164903955296015,0.01646303874371846,2.603848684735043,0.0008543767697978411,2.6545824761162513,0.0,8.009,1405,1403,1403,1405
6.439000000000007,3,0.43900000000000716,0.0,0.0,-0.2923499723622641,0.016074711806912823,1.33797834967508,-0.010993838137003475,2.300072819747552,0.0,8.009,1405,1403,1403,1405
6.457999999999998,3,0.4579999999999984,0.0,0.0,-0.25038649072089586,0.012555390969760967,1.9593674025782721,-0.15625104933142148,2.027691705836614,0.0,8.009,1404,1404,1404,1404
6.478999999999999,3,0.4789999999999992,0.0,0.0,-0.1962177278369792,0.009818660401104478,2.6402375847553436,-0.14743807758969518,1.7822197229865273,0.0,8.009,1404,1404,1404,1404
6.507000000000005,3,0.507000000000005,0.0,0.0,-0.16058853961949693,0.013401195506138662,1.1115211865874859,0.16224671478286296,1.5418434881440934,0.0,8.009,1404,1404,1404,1404
6.5190000000000055,3,0.5190000000000055,0.0,0.0,-0.15386810038366716,0.0148851383134199,0.6456619977486837,0.17828214466441494,1.2810306869747468,0.0,8.009,1403,1405,1404,1404
6.540000000000006,3,0.5400000000000063,0.0,0.0,-0.13186267162091414,0.011287755551068871,0.905775718384309,-0.14207201684151136,1.182344912195229,0.0,8.009,1403,1405,1404,1404
6.558000000000007,3,0.5580000000000069,0.0,0.0,-0.11162392064577382,0.00554634831042674,1.167465878696885,-0.34779750140528054,1.025859835503242,0.0,8.009,1405,1403,1404,1404
6.579999999999998,3,0.5799999999999983,0.0,0.0,-0.09669528823466803,0.005188009339182364,0.6230770167626846,-0.024064482336040607,0.9096854680756125,0.0,8.009,1405,1403,1404,1404
6.599000000000004,3,0.5990000000000038,0.0,0.0,-0.0887497171670003,0.007289382654510576,0.32341415295515813,0.13116888715184216,0.783557754119129,0.0,8.009,1404,1405,1405,1404
6.622,3,0.6219999999999999,0.0,0.0,-0.06902775271189343,0.005798045617169003,0.7691356496040883,-0.05901444859471011,0.6897136229657983,0.0,8.008,1404,1405,1405,1404
6.638000000000005,3,0.6380000000000052,0.0,0.0,-0.05926500447945851,0.0031720850921253835,0.7065705298373898,-0.16056994336226452,0.5899651134401089,0.0,8.008,1404,1405,1405,1404
6.659000000000006,3,0.659000000000006,0.0,0.0,-0.05715424924229978,0.002605147291126258,0.01061901899984913,-0.04048384522166801,0.5305778992673175,0.0,8.008,1404,1405,1405,1404
6.677999999999997,3,0.6779999999999973,0.0,0.0,-0.04945384794829179,0.006411969733546728,0.21301178896407863,0.19372682988382695,0.45985187738121724,0.0,8.008,1404,1405,1405,1404
6.701999999999998,3,0.7019999999999982,0.0,0.0,-0.025403294462382316,0.008478525092363742,0.9391039466045037,0.08010029643938407,0.4053754624999591,0.0,8.008,1405,1404,1404,1405
6.721000000000004,3,0.7210000000000036,0.0,0.0,-0.016416011157055203,0.006355335525836488,0.4687522541999785,-0.10803479630917097,0.34343175654559943,0.0,8.007,1405,1404,1404,1405
6.747,3,0.7469999999999999,0.0,0.0,-0.012904560211941403,0.005709221474952434,-0.019171583943125403,-0.021617905573794064,0.3028064850534512,0.0,8.007,1405,1404,1404,1405
6.75800000000001,3,0.7580000000000098,0.0,0.0,-0.009300746633053716,0.008342188113227941,0.10258976149870887,0.1384432520613173,0.25449076740141235,0.0,8.007,1404,1404,1404,1404
6.780000000000001,3,0.7800000000000011,0.0,0.0,-0.0027794350924722714,0.013953195186500027,0.20765286522996892,0.2749524400096103,0.2363549609685889,0.0,8.007,1404,1404,1404,1404
6.802000000000007,3,0.8020000000000067,0.0,0.0,-0.004864652992706153,0.014185320732917964,-0.17491516822850278,0.01616958573582588,0.2038314277501997,0.0,8.007,1404,1404,1405,1404
6.820999999999998,3,0.820999999999998,0.0,0.0,-0.004460735515459834,0.01515229942857723,-0.16478594432852098,0.019464858525666134,0.17511158952799355,0.0,8.007,1404,1404,1405,1404
6.838999999999999,3,0.8389999999999986,0.0,0.0,0.0019564281467288123,0.0198711413894695,0.16367878667231778,0.24230712398471121,0.1543992142927018,0.0,8.007,1404,1404,1405,1404
6.858000000000004,3,0.8580000000000041,0.0,0.0,0.01185557589054901,0.02029294892641076,0.4021522535419478,0.0858512556895753,0.13706115261059465,0.0,8.007,1405,1404,1404,1405
6.88000000000001,3,0.8800000000000097,0.0,0.0,0.013323160261365936,0.015040446743285007,-0.042838853092827416,-0.25232396992850514,0.12058784357022137,0.0,8.007,1405,1404,1404,1405
6.904000000000011,3,0.9040000000000106,0.0,0.0,0.0093439814303451,0.018744555380234118,-0.31023730398360194,0.15515447046430386,0.10392270226370594,0.0,8.007,1404,1405,1404,1405
6.918000000000006,3,0.9180000000000064,0.0,0.0,0.013190486838286414,0.02190560894978767,0.03015715948556408,0.2683818513889109,0.08815343631637289,0.0,8.006,1404,1405,1404,1405
6.939999999999998,3,0.9399999999999977,0.0,0.0,0.02266194401113415,0.018713034123915576,0.326008904468249,-0.11997958320812,0.08042128197984161,0.0,8.006,1404,1405,1404,1405
6.960000000000008,3,0.960000000000008,0.0,0.0,0.02243207546204082,0.013634150647066384,-0.11832990576057681,-0.2788315605713544,0.06939984460920706,0.0,8.006,1405,1404,1405,1404
6.978000000000009,3,0.9780000000000086,0.0,0.0,0.018956011100026836,0.01507419748273839,-0.3760137865989701,0.014467976505733438,0.060524447339705224,0.0,8.006,1405,1404,1405,1404
7.0020000000000095,3,1.0020000000000095,0.0,0.0,0.02319947289520221,0.017007879732159205,0.060965121273196664,0.08954059837801355,0.05376059237994226,0.0,8.006,1405,1404,1405,1404
7.021000000000001,3,1.0210000000000008,0.0,0.0,0.034982848216736764,0.016060107608487292,0.46897231435729986,-0.052308029922977395,0.045709777035107486,0.0,8.005,1405,1404,1404,1404
7.043000000000006,3,1.0430000000000064,0.0,0.0,0.04013775339992538,0.017838594819855395,0.13226812072139107,0.0719343250389578,0.04005961643602683,0.0,8.005,1405,1404,1404,1404
7.0589999999999975,3,1.0589999999999975,0.0,0.0,0.035552502001771694,0.018967973936234277,-0.3677736969738786,0.1005246831516246,0.03465345834194893,0.0,8.005,1404,1405,1404,1404
7.078000000000003,3,1.078000000000003,0.0,0.0,0.035942666552948754,0.019029804156994748,-0.2161274491230887,0.0036081007899121265,0.03113611435764401,0.0,8.005,1404,1405,1404,1404
7.106000000000009,3,1.1060000000000088,0.0,0.0,0.04833184930487836,0.01910173125163814,0.358359295059221,-0.0011632942114279843,0.027290582785267952,0.0,8.004,1405,1404,1404,1405
7.1200000000000045,3,1.1200000000000045,0.0,0.0,0.0455823880039908,0.019132430417316836,-0.09761289480119015,-2.770060426988208e-05,0.022669943136487798,0.0,8.004,1405,1404,1404,1405
7.143000000000001,3,1.1430000000000007,0.0,0.0,0.03184918543998268,0.016769651871955216,-0.7472447332316389,-0.10384887085362501,0.020644363493229238,0.0,8.004,1405,1404,1404,1405
7.158000000000001,3,1.1580000000000013,0.0,0.0,0.03264711028357752,0.014749093151448345,-0.30720392625974935,-0.14681483616814475,0.017616952179740505,0.0,8.004,1404,1404,1404,1404
7.177999999999997,3,1.1779999999999973,0.0,0.0,0.04317853827716985,0.013443790806958683,0.38558763074206526,-0.07611805602942863,0.015981335316934013,0.0,8.004,1404,1404,1404,1404
7.204999999999998,3,1.2049999999999983,0.0,0.0,0.039872043032956016,0.013536634522171912,-0.28778377745869904,0.005413547738439939,0.013916882292344562,0.0,8.004,1404,1404,1404,1404
7.219000000000008,3,1.2190000000000083,0.0,0.0,0.03367689470308917,0.013281025197902098,-0.6140330992496472,-0.007718742419662528,0.011598855159765081,0.0,8.004,1404,1404,1404,1404
7.246000000000009,3,1.2460000000000093,0.0,0.0,0.03775074569229807,0.011386749938341083,0.09934159300175789,-0.08115391314981804,0.010597834741251512,0.0,8.004,1404,1404,1404,1404
7.260000000000005,3,1.2600000000000051,0.0,0.0,0.041268686651144706,0.011290727083564224,0.2440984744966793,-0.03660265359182107,0.008822698424692283,0.0,8.004,1405,1404,1404,1405
7.282000000000011,3,1.2820000000000107,0.0,0.0,0.03344718290150121,0.011068025564024784,-0.4498218513067593,-0.006195068288587512,0.008009885903140933,0.0,8.004,1405,1404,1404,1405
7.299000000000007,3,1.2990000000000066,0.0,0.0,0.02714854620003276,0.009936931396483464,-0.5681725411195371,-0.05849392681497432,0.0069203681776347495,0.0,8.004,1404,1404,1405,1404
7.317999999999998,3,1.3179999999999978,0.0,0.0,0.03453377328396834,0.008608582166124966,0.15643846598698694,-0.07876645520999445,0.006177700998498234,0.0,8.003,1404,1404,1405,1404
7.341999999999999,3,1.3419999999999987,0.0,0.0,0.04361627069364569,0.008045300000430518,0.2888343192499852,-0.025427031704285424,0.005436249446291637,0.0,8.003,1404,1404,1405,1404
7.358000000000004,3,1.358000000000004,0.0,0.0,0.03720802579775973,0.007297917055919786,-0.3660192188112581,-0.03578558220719838,0.004616319920985985,0.0,8.003,1404,1404,1404,1404
7.379000000000005,3,1.3790000000000049,0.0,0.0,0.02840906795002386,0.006052522690841543,-0.5567139916523415,-0.06284710519379963,0.004156767501376137,0.0,8.003,1404,1404,1404,1404
7.39800000000001,3,1.3980000000000103,0.0,0.0,0.03367721820325982,0.005819157338357223,0.07204010625970705,-0.030442413264904673,0.0035914517869285573,0.0,8.003,1405,1404,1404,1405
7.420000000000002,3,1.4200000000000017,0.0,0.0,0.040190447242154974,0.004673190500599264,0.24059818931003288,-0.05139015321713752,0.0032556206735624865,0.0,8.003,1405,1404,1404,1405
7.438000000000002,3,1.4380000000000024,0.0,0.0,0.034005577546576196,0.003647996365081207,-0.3803584539217594,-0.06252732694263874,0.002805938969533265,0.0,8.003,1405,1404,1404,1405
7.462000000000003,3,1.4620000000000033,0.0,0.0,0.031002485441792415,0.004088699897170733,-0.263830704245861,0.007296673081036771,0.0025486310609267064,0.0,8.003,1404,1405,1405,1404
7.478000000000009,3,1.4780000000000086,0.0,0.0,0.038830836055872446,0.004564896734065855,0.291675171016608,0.03481458810735909,0.0023063573641812778,0.0,8.003,1404,1405,1405,1404
7.510000000000005,3,1.5100000000000051,0.0,0.0,0.03664624940863279,0.004702200461778637,-0.33355127426136777,-0.0016299750990378707,0.0022144833157166726,0.0,8.003,1404,1405,1405,1404
7.518000000000001,3,1.5180000000000007,0.0,0.0,0.03259499340556981,0.004741845074186467,-0.5686032165632181,-0.0009396443903251609,0.0020528755954796495,0.0,8.003,1404,1405,1405,1404
7.540999999999997,3,1.5409999999999968,0.0,0.0,0.032737300130122764,0.004856656368642482,-0.14797363378973294,0.0001073899801151249,0.0020528755954796495,0.0,8.003,1404,1405,1405,1404
7.560000000000002,3,1.5600000000000023,0.0,0.0,0.03982193719209163,0.004941573912793123,0.29737370989894074,5.589133761395392e-05,0.0020528755954796495,0.0,8.003,1405,1404,1404,1405
7.579999999999998,3,1.5799999999999983,0.0,0.0,0.03588313585144254,0.00503385108582605,-0.2313815693966147,3.18837707504707e-05,0.0020528755954796495,0.0,8.003,1405,1404,1404,1405
7.599000000000004,3,1.5990000000000038,0.0,0.0,0.026489092769689353,0.005094263492049952,-0.6147255096767572,2.935315249483365e-05,0.0020528755954796495,0.0,8.003,1404,1404,1404,1404
7.621000000000009,3,1.6210000000000093,0.0,0.0,0.02932787180068272,0.00516204719984271,0.00463366344882046,3.2589281084579694e-05,0.0019775213166830187,0.0,8.002,1404,1404,1404,1404
7.638000000000005,3,1.6380000000000052,0.0,0.0,0.03426050568620833,0.005228221744415484,0.22117882758156268,3.255973459669977e-05,0.001904722105600195,0.0,8.002,1404,1404,1404,1404
7.660000000000011,3,1.6600000000000108,0.0,0.0,0.02690901600151291,0.00529807860471938,-0.41165523447240404,3.2440985203557144e-05,0.001904722105600195,0.0,8.002,1404,1404,1404,1404
7.680999999999997,3,1.6809999999999974,0.0,0.0,0.02041457498541525,0.005361381251514308,-0.4795076143477801,3.2418789511879275e-05,0.001904722105600195,0.0,8.002,1404,1404,1404,1404
7.6980000000000075,3,1.6980000000000075,0.0,0.0,0.027269760379954,0.005400077458138337,0.19915009346630963,3.622420258161685e-05,0.001904722105600195,0.0,8.002,1405,1404,1404,1405
7.719999999999999,3,1.7199999999999989,0.0,0.0,0.03431788194327908,0.0054519638005862915,0.30840894772015415,3.10003398821474e-05,0.001822920543441209,0.0,8.002,1405,1404,1404,1405
7.749000000000009,3,1.7490000000000094,0.0,0.0,0.020885261063604416,0.005520893099189549,-0.6734966728029252,3.0875578273768183e-05,0.0017547676869356784,0.0,8.002,1405,1404,1404,1405
7.760000000000005,3,1.7600000000000051,0.0,0.0,0.0193005354467158,0.005543346345569974,-0.5081848039083133,3.0919640711436556e-05,0.0017547676869356784,0.0,8.002,1404,1405,1405,1404
7.781000000000006,3,1.781000000000006,0.0,0.0,0.027713514235173223,0.0055849840692096045,0.2922786022215228,3.0798679891346136e-05,0.0017547676869356784,0.0,8.002,1404,1405,1405,1404
7.799000000000007,3,1.7990000000000066,0.0,0.0,0.03267905342413923,0.005153007120976028,0.29849700921314337,-0.01740605174632318,0.0017547676869356784,0.0,8.002,1404,1404,1404,1404
7.817999999999998,3,1.8179999999999978,0.0,0.0,0.02815034118467657,0.0025896766041637485,-0.2564992965846457,-0.11915698564016981,0.0017547676869356784,0.0,8.002,1404,1404,1404,1404
7.841999999999999,3,1.8419999999999987,0.0,0.0,0.022871673840841183,0.0020208893076657975,-0.34026631071084235,-0.031345005421444666,0.001623036833296671,0.0,8.002,1404,1404,1404,1404
7.858000000000004,3,1.858000000000004,0.0,0.0,0.024135592342624107,0.005292393172596538,-0.07064989595934501,0.16901428499200846,0.001623036833296671,0.0,8.002,1404,1404,1404,1405
7.881,3,1.8810000000000002,0.0,0.0,0.023479672401258058,0.007784484657950553,-0.10237336990002376,0.11591471351746327,0.001623036833296671,0.0,8.002,1404,1404,1404,1405
7.899000000000001,3,1.899000000000001,0.0,0.0,0.02058599505780005,0.0022409090274658145,-0.24365344498357064,-0.26593957851295535,0.001623036833296671,0.0,8.002,1405,1404,1405,1404
7.920000000000002,3,1.9200000000000017,0.0,0.0,0.016015189443039875,0.0006647778429459115,-0.2986080798284354,-0.1332220126678789,0.001623036833296671,0.0,8.001,1405,1404,1405,1404
7.9410000000000025,3,1.9410000000000025,0.0,0.0,0.014919436001615414,0.00896051700125913,-0.1379777853415515,0.3891829249272836,0.0015632117091158152,0.0,8.001,1405,1404,1405,1404
7.957999999999998,3,1.9579999999999984,0.0,0.0,0.016243071967889672,0.009572143265909246,-0.005705271521193531,0.16387655533334403,0.0015054249278272187,0.0,8.001,1404,1405,1404,1405
7.978000000000009,3,1.9780000000000086,0.0,0.0,0.015955920543218153,0.0026662298346237672,-0.07824069072646214,-0.33467361308021837,0.0015054249278272187,0.0,8.001,1404,1405,1404,1405
8.003,4,0.0030000000000001137,0.0,5.0,0.010755937112023444,0.003606206896516169,-0.2902252766022877,0.04400002193731595,0.0015054249278272187,0.0,8.001,1404,1405,1404,1405
8.02000000000001,4,0.020000000000010232,0.0,5.0,0.010259635323156753,0.008201714834229781,-0.18605481989861014,0.2616362925315828,0.0014497544463019016,0.0,8.001,1404,1405,1404,1404
8.040999999999997,4,0.04099999999999682,0.0,5.0,0.01286820979843625,0.19489425862337023,0.058021069617083164,7.50591173743316,0.0013499242112949568,15.312000043604625,8.001,1404,1405,1404,1404
8.061999999999998,4,0.06199999999999761,0.0,5.0,0.01243555666814495,0.9780355979867532,-0.08408184315825193,35.947821771626955,0.0011671599550909194,29.22782404349402,8.001,1398,1410,1398,1409
8.078000000000003,4,0.07800000000000296,0.0,5.0,0.01015867909077748,1.5989335175999393,-0.21741292540943946,44.08777143197594,0.0010155828245523627,25.428727685613065,8.001,1398,1410,1398,1409
8.102000000000004,4,0.10200000000000387,0.0,5.0,0.008829441068713022,1.9739786713168104,-0.11933304977428276,13.792211236290504,0.0009139703162147846,22.882209474336992,8.001,1423,1378,1423,1378
8.122,4,0.12199999999999989,0.0,5.0,0.011352410561979248,2.1550666230077122,0.04337443597329162,6.789864586926642,0.0007744473710781179,19.38604395897715,8.001,1423,1378,1423,1378
8.138000000000005,4,0.13800000000000523,0.0,5.0,0.014530850598178586,2.547051179474744,0.1113596977125788,21.356579147735218,0.0006791898068144945,16.999446089380466,8.001,1423,1378,1423,1378
8.16000000000001,4,0.1600000000000108,0.0,5.0,0.018890657395448922,3.120265200614544,0.1208467637686604,26.211533958840935,0.0006102658234524436,15.272815248336261,8.001,1382,1418,1382,1418
8.182000000000002,4,0.18200000000000216,0.0,5.0,0.01988952086823705,3.2139941790473365,-0.025436093044116932,4.51660303443574,0.0005244037296733882,13.12210649946243,8.001,1382,1418,1382,1418
8.198000000000008,4,0.1980000000000075,0.0,5.0,0.020842013759863134,3.2889168719307333,-0.023833041309313657,2.136277839818065,0.0004531813213714437,11.338365031673165,8.001,1407,1398,1407,1398
8.219000000000008,4,0.2190000000000083,0.0,5.0,0.022631204824815784,3.668529607933345,0.001768559799881278,17.323376348504784,0.0004072384347407523,10.187855524477659,8.001,1407,1398,1407,1398
8.245000000000005,4,0.24500000000000455,0.0,5.0,0.02388952877467845,3.9906899942889824,-0.037097378734237504,12.141230716719715,0.00035312430273971336,8.832892842214285,8.001,1407,1398,1407,1398
8.259,4,0.25900000000000034,0.0,5.0,0.023483657789958333,3.9781536089542473,-0.08793787181090759,1.857703665320629,0.0002969127348706552,7.425633109023415,8.001,1411,1395,1411,1395
8.280000000000001,4,0.28000000000000114,0.0,5.0,0.023479854161663215,4.051784328867454,-0.06807848981939388,2.2362807738903374,0.0002704072163381129,6.762156643898016,8.001,1411,1395,1411,1395
8.299000000000007,4,0.2990000000000066,0.0,5.0,0.02325188992800743,4.29853515791792,-0.07320446675020911,12.732040372378526,0.000233776293583828,5.845304066227238,8.001,1391,1414,1391,1414
8.317999999999998,4,0.31799999999999784,0.0,5.0,0.021674893297154704,4.46775224083134,-0.14707003444709463,10.616022154299188,0.0002065699188101199,5.164420864002062,8.002,1391,1414,1391,1414
8.338999999999999,4,0.33899999999999864,0.0,5.0,0.02152619827799474,4.42784814126601,-0.09348950159512552,-1.7414348491833829,0.00018171998066525145,4.542581658943884,8.002,1391,1414,1391,1414
8.358000000000004,4,0.3580000000000041,0.0,5.0,0.022950794645464904,4.454772746974199,-0.0030579599848870095,-0.11235537120688005,0.00015783241383990047,3.9449097976033256,8.002,1409,1397,1409,1397
8.379000000000005,4,0.3790000000000049,0.0,5.0,0.024339467486253038,4.64970719966001,0.003185687940795886,9.01239021360222,0.00013887774259753918,3.4707260489093064,8.002,1409,1397,1409,1397
8.40100000000001,4,0.40100000000001046,0.0,5.0,0.023939744672301925,4.708710215691988,-0.07389447593893907,3.2945387579478886,0.00012047718525089423,3.0104656408383574,8.002,1408,1399,1408,1399
8.418000000000006,4,0.41800000000000637,0.0,5.0,0.022295016443864345,4.657587957301735,-0.17184653232110267,-2.859920160681637,0.0001035327304160777,2.5866916764267938,8.001,1408,1399,1408,1399
8.439000000000007,4,0.43900000000000716,0.0,5.0,0.02049375415347182,4.688582501981607,-0.172089297521329,0.5978813560490066,9.272636953881146e-05,2.3164546015850047,8.001,1408,1399,1408,1399
8.460000000000008,4,0.46000000000000796,0.0,5.0,0.021015693330862527,4.8251137146219305,-0.045047575520840204,6.4374917125510995,8.052232820654992e-05,2.0112890065448283,8.001,1397,1411,1397,1411
8.478000000000009,4,0.47800000000000864,0.0,5.0,0.02222057638655513,4.8464806807798455,0.0053027164132225775,2.5819079826868463,6.986300279465263e-05,1.7447943417596772,8.001,1397,1411,1397,1411
8.50200000000001,4,0.5020000000000095,0.0,5.0,0.022022020652948743,4.796494368225931,-0.06322017759678514,-2.443351618957614,6.206707468293678e-05,1.5499231750453955,8.001,1397,1411,1397,1411
8.518,4,0.5180000000000007,0.0,5.0,0.02107106021831661,4.838737380695167,-0.12083907980584413,1.2400382394538574,5.265502012470424e-05,1.3146956221766817,8.001,1407,1401,1407,1401
8.539000000000001,4,0.5390000000000015,0.0,5.0,0.021086091303565268,4.935274420650481,-0.07792478113713583,4.774584828915822,4.7163307699735146e-05,1.1774596193913773,8.001,1407,1401,1407,1401
8.558999999999997,4,0.5589999999999975,0.0,5.0,0.020492978753578254,4.93731323211773,-0.09917621437843632,0.7370506225345419,4.1074467659315366e-05,1.025302214590534,8.001,1404,1404,1404,1404
8.579000000000008,4,0.5790000000000077,0.0,5.0,0.01932768611567726,4.898899821338755,-0.12296461599925358,-2.2845448115563514,3.5919315525851506e-05,0.896496266066612,8.001,1404,1404,1404,1404
8.605000000000004,4,0.605000000000004,0.0,5.0,0.019464695108054157,4.9558823820368785,-0.03920289460265303,2.4065484252754694,3.13910263952219e-05,0.7833479926064155,8.001,1402,1407,1401,1407
8.620000000000005,4,0.6200000000000045,0.0,5.0,0.019473874842278013,4.989746459941802,-0.02364181935792644,2.9228204399653426,2.624941965892433e-05,0.6549314182260373,8.001,1402,1407,1401,1407
8.638000000000005,4,0.6380000000000052,0.0,5.0,0.01813354860173553,4.979270657302295,-0.13760409928875778,-0.11750686796559026,2.3812093331426214e-05,0.594046898521132,8.001,1402,1407,1401,1407
8.661000000000001,4,0.6610000000000014,0.0,5.0,0.018098303758401203,4.950266685878659,-0.07383786674412862,-1.534870505331745,2.1098441227424548e-05,0.5262932895844568,8.001,1408,1401,1408,1401
8.680000000000007,4,0.6800000000000068,0.0,5.0,0.019387830466991718,4.982751919344886,0.0012787495880536574,1.2567643055141606,1.802765832734869e-05,0.4496290051844122,8.001,1408,1401,1408,1401
8.698000000000008,4,0.6980000000000075,0.0,5.0,0.020526270923202108,5.014978459396298,0.0032915102243889624,1.88621394213332,1.5912027854552018e-05,0.3968220646271198,8.001,1404,1405,1404,1405
8.722000000000008,4,0.7220000000000084,0.0,5.0,0.020715982095441853,4.9951427362729355,-0.05879104004386987,-1.0546458812036723,1.4056186309470285e-05,0.35050052208888666,8.0,1404,1405,1404,1405
8.745000000000005,4,0.7450000000000045,0.0,5.0,0.019668296777312022,4.990896919930126,-0.11741165886381999,-0.48121414778407834,1.1958969467168664e-05,0.2981513642885437,8.0,1404,1405,1404,1405
8.75800000000001,4,0.7580000000000098,0.0,5.0,0.018334328815896795,5.010400951991921,-0.1571430693689825,0.9317671494971463,1.0255363009137997e-05,0.25563119554939295,8.0,1403,1406,1403,1406
8.781000000000006,4,0.7810000000000059,0.0,5.0,0.01853581272630556,5.028027962692431,-0.07002594750649377,0.734560164808426,9.394907857167085e-06,0.2341564137882117,8.0,1403,1406,1403,1406
8.799000000000007,4,0.7990000000000066,0.0,5.0,0.020330266505374558,5.013816046576927,0.03398684121710494,-0.7766918131776794,8.025299334012511e-06,0.19999811748066226,8.0,1406,1403,1406,1403
8.817999999999998,4,0.8179999999999978,0.0,5.0,0.02167631236233627,5.00680912626214,0.01953778280124792,-0.7177578460893418,7.144767096003703e-06,0.17803719166922008,7.999,1406,1403,1406,1403
8.838999999999999,4,0.8389999999999986,0.0,5.0,0.02247992680687058,5.027040146583718,-0.02784387146373196,0.7914539330473397,6.287300138767119e-06,0.15663632802950575,7.999,1406,1403,1406,1403
8.858000000000004,4,0.8580000000000041,0.0,5.0,0.021340689272920137,5.036444890184002,-0.11727184008903307,0.5650068551609418,5.450121965288027e-06,0.13573308102342385,7.999,1404,1406,1404,1405
8.88000000000001,4,0.8800000000000097,0.0,5.0,0.01889515471483162,5.026646130045973,-0.18488469643599587,-0.6045951118380118,4.804222452129902e-06,0.1196376868834359,7.999,1404,1406,1404,1405
8.89800000000001,4,0.8980000000000103,0.0,5.0,0.017650015898212922,5.026905677234433,-0.13724695510036014,-0.26558240764413127,4.143870905610206e-06,0.10316128958370158,7.999,1405,1405,1405,1405
8.920000000000002,4,0.9200000000000017,0.0,5.0,0.016658256088965873,5.042914359988473,-0.11706045107030646,0.5996276966815614,3.658890971338666e-06,0.09104636827541708,7.998,1405,1405,1405,1405
8.939000000000007,4,0.9390000000000072,0.0,5.0,0.015609278437680089,5.042035400019658,-0.11953187231215359,-0.024726206937685177,3.1620999327575426e-06,0.07864998847845384,7.998,1405,1405,1405,1405
8.957999999999998,4,0.9579999999999984,0.0,5.0,0.013806130174643211,5.0317145572969455,-0.1574223734132258,-0.7203104692090754,2.784402296113388e-06,0.06925602377045334,7.998,1406,1404,1406,1404
8.981000000000009,4,0.9810000000000088,0.0,5.0,0.012620327792675674,5.038951142722574,-0.124426796749952,0.13708227016812616,2.45159190402204e-06,0.0610021937257425,7.998,1406,1404,1406,1404
8.99900000000001,4,0.9990000000000094,0.0,5.0,0.01262790670131281,5.047564438152783,-0.058124723073823395,0.45017760811298174,2.089599388395078e-06,0.05202333309753885,7.998,1405,1405,1405,1405
9.018,4,1.0180000000000007,0.0,5.0,0.01380387067602862,5.0405037300982825,-0.005807704348423888,-0.37674040133278314,1.8575353303940203e-06,0.04624593687979357,7.998,1405,1405,1405,1405
9.040000000000006,4,1.0400000000000063,0.0,5.0,0.014210542073542096,5.031049467626516,-0.04593397932863448,-0.6660219378908455,1.6334614364192978e-06,0.040684622100775975,7.998,1405,1405,1405,1405
9.058999999999997,4,1.0589999999999975,0.0,5.0,0.013446020290093523,5.039161171039551,-0.08896202666043926,0.20741154077277063,1.4050813258502483e-06,0.03500957533392841,7.998,1405,1405,1405,1405
9.078000000000003,4,1.078000000000003,0.0,5.0,0.012334410337727255,5.047133282461426,-0.12124889115604488,0.40880982035285907,1.238191057048995e-06,0.03086133598073653,7.998,1405,1405,1405,1405
9.100999999999999,4,1.100999999999999,0.0,5.0,0.010960546801142949,5.036631866612532,-0.11209103488187262,-0.586499005879739,1.0899880991120244e-06,0.02717938377042364,7.998,1406,1404,1406,1404
9.11800000000001,4,1.1180000000000092,0.0,5.0,0.010969219607264344,5.0351830127348425,-0.06516890260414117,-0.4328986702558775,9.294886587766418e-07,0.02317898733027213,7.997,1406,1404,1406,1404
9.14,4,1.1400000000000006,0.0,5.0,0.010898087922834355,5.0468370230061765,-0.0564599311646989,0.41554318625530157,8.323537554716224e-07,0.020762259295111336,7.997,1406,1404,1406,1404
9.16000000000001,4,1.1600000000000108,0.0,5.0,0.010232429625815746,5.044791381349758,-0.08286794378594745,-0.1394752909768636,7.176390358868433e-07,0.017901990848142882,7.997,1405,1405,1405,1405
9.179000000000002,4,1.179000000000002,0.0,5.0,0.009728088690955736,5.033869481980084,-0.08023593972743229,-0.7152710702620753,6.264099900698652e-07,0.015621738196830074,7.997,1405,1405,1405,1405
9.198000000000008,4,1.1980000000000075,0.0,5.0,0.009584857322873789,5.037827576604107,-0.05727679911106995,-0.07141146872190804,5.517186072634995e-07,0.013762279226253605,7.997,1404,1406,1404,1406
9.219000000000008,4,1.2190000000000083,0.0,5.0,0.010423259708439547,5.047676282500442,-0.009636258831947431,0.3816144083162484,4.858498795880139e-07,0.012118906696984778,7.997,1404,1406,1404,1406
9.24600000000001,4,1.2460000000000093,0.0,5.0,0.011980247686984902,5.033797764993799,0.00443915813745381,-0.7352781884449235,4.217181673240442e-07,0.01049827756373397,7.997,1404,1406,1404,1406
9.260000000000005,4,1.2600000000000051,0.0,5.0,0.012728906289385054,5.02859316084625,0.002954300691803492,-0.7309727680294354,3.5223785619666325e-07,0.008769608544882644,7.997,1406,1404,1406,1404
9.283000000000001,4,1.2830000000000013,0.0,5.0,0.013969529443827873,5.038255744087702,0.0026390883370588964,0.3307829665742499,3.207618911803401e-07,0.007984880507218343,7.997,1406,1404,1406,1404
9.299000000000007,4,1.2990000000000066,0.0,5.0,0.014724433767306219,5.04225012409169,0.002705516554123732,0.3369952637482145,2.743475987138688e-07,0.0068191647344291945,7.997,1405,1405,1405,1405
9.317999999999998,4,1.3179999999999978,0.0,5.0,0.014868374667978948,5.032640901703128,-0.03163981746355931,-0.5090998358136835,2.472502906052977e-07,0.006148168684594861,7.997,1405,1405,1405,1405
9.341000000000008,4,1.3410000000000082,0.0,5.0,0.013154725895453037,5.027525516901612,-0.11907064778019262,-0.35644401396641423,2.1772115583171708e-07,0.005406091393011786,7.997,1405,1405,1405,1405
9.358000000000004,4,1.358000000000004,0.0,5.0,0.011963736671831857,5.037273477507689,-0.12201385900287309,0.3944737868935312,1.8659255827548462e-07,0.004621362521584158,7.997,1404,1406,1404,1406
9.379000000000005,4,1.3790000000000049,0.0,5.0,0.011204472599919673,5.040637345673921,-0.07615306074892494,0.1386266399724895,1.66790691995286e-07,0.004129488432862407,7.997,1404,1406,1404,1406
9.403000000000006,4,1.4030000000000058,0.0,5.0,0.009411146902631319,5.02621155926003,-0.11688648134966947,-0.7349183762138815,1.4698881299286867e-07,0.0036262413954866565,7.997,1406,1404,1406,1404
9.418999999999997,4,1.418999999999997,0.0,5.0,0.009132073810829462,5.029172446265231,-0.06691580352565127,-0.10703914282518955,1.2579731148346374e-07,0.0031201508082861593,7.996,1406,1404,1406,1404
9.438000000000002,4,1.4380000000000024,0.0,5.0,0.009947475167509339,5.03946554134444,-0.0050443519180406165,0.5109912112443952,1.1468047137196902e-07,0.002844360034259576,7.996,1406,1404,1406,1404
9.460999999999999,4,1.4609999999999985,0.0,5.0,0.009943083736069098,5.033082729565064,-0.03730006993394293,-0.35051092745520035,1.0404854498831959e-07,0.0025770965746539287,7.996,1405,1405,1405,1405
9.478000000000009,4,1.4780000000000086,0.0,5.0,0.007607947780031528,5.022469042481687,-0.15606992925649715,-0.7964747624175338,9.571091172414387e-08,0.002375229341555843,7.996,1405,1405,1405,1405
9.5,4,1.5,0.0,5.0,0.004017768732820747,5.026979955541657,-0.19779307361644563,0.10682736694027949,9.015249166839651e-08,0.002230225809523594,7.996,1405,1405,1405,1405
9.52000000000001,4,1.5200000000000102,0.0,5.0,0.004344841996206128,5.035378526899834,-0.034834948607790205,0.4559720631283855,8.459407161264915e-08,0.002093751884761429,7.996,1404,1406,1404,1406
9.540999999999997,4,1.5409999999999968,0.0,5.0,0.004913842944556474,5.02635755455354,0.0005703203788144015,-0.45362253141475406,8.112005351183636e-08,0.002011299153444511,7.996,1404,1406,1404,1406
9.558999999999997,4,1.5589999999999975,0.0,5.0,0.002911603671857648,5.017439035044796,-0.12593269337938112,-0.6861868974765445,8.112005351183636e-08,0.002011299153444511,7.996,1406,1404,1406,1404
9.579999999999998,4,1.5799999999999983,0.0,5.0,0.0009477811908480858,5.025079882291924,-0.13603286229496395,0.25504363919821316,8.112005351183636e-08,0.002011299153444511,7.996,1406,1404,1406,1404
9.602000000000004,4,1.6020000000000039,0.0,5.0,0.0017158686673824984,5.027913557023833,-0.0014780305915336113,0.15914170011400458,7.90356515569018e-08,0.0019629646427670945,7.996,1405,1405,1405,1405
9.620000000000005,4,1.6200000000000045,0.0,5.0,0.002912782404760371,5.0158915703109646,0.03361440914435413,-0.6569386400683748,7.625643834847342e-08,0.001889041310279428,7.996,1405,1405,1405,1405
9.63900000000001,4,1.63900000000001,0.0,5.0,0.003534497830982636,5.012978921516777,0.005060135474691365,-0.40796645207292115,7.31298322355169e-08,0.0018208044521187611,7.996,1405,1405,1405,1405
9.662000000000006,4,1.6620000000000061,0.0,5.0,0.0034230912090700465,5.029008094838328,-0.03468354052276608,0.6504300567587344,7.31298322355169e-08,0.0018208044521187611,7.996,1404,1406,1404,1406
9.677999999999997,4,1.6779999999999973,0.0,5.0,0.0022145712777476094,5.030634106747614,-0.10213124503003208,0.3006014011685949,7.31298322355169e-08,0.0018208044521187611,7.996,1404,1406,1404,1406
9.700000000000003,4,1.7000000000000028,0.0,5.0,0.0023648041733631497,5.016371391100158,-0.021410005020825188,-0.7206973353925331,7.31298322355169e-08,0.0018208044521187611,7.996,1406,1404,1406,1404
9.719000000000008,4,1.7190000000000083,0.0,5.0,0.0026206677954475214,5.0178847048881385,-0.0003130387337526251,-0.1425904575479844,7.31298322355169e-08,0.0018208044521187611,7.996,1406,1404,1406,1404
9.74600000000001,4,1.7460000000000093,0.0,5.0,-0.00012656634120944942,5.033471196574108,-0.13711498037094816,0.5599818102833695,7.035061902708854e-08,0.0017497244610150103,7.996,1406,1404,1406,1404
9.75800000000001,4,1.7580000000000098,0.0,5.0,-0.0018209670359674126,5.0302003897353185,-0.17546509183818138,0.037782858920578366,6.79188050842977e-08,0.001687173868740511,7.996,1405,1405,1405,1405
9.780000000000001,4,1.7800000000000011,0.0,5.0,-0.0024417767867763564,5.015038223551536,-0.061650768212202806,-0.7939773677805421,6.79188050842977e-08,0.001687173868740511,7.996,1405,1405,1405,1405
9.799999999999997,4,1.7999999999999972,0.0,5.0,-0.0018912418201386756,5.017638391191196,0.010125114280545888,-0.01458181688279584,6.79188050842977e-08,0.001687173868740511,7.996,1404,1405,1404,1405
9.822000000000003,4,1.8220000000000027,0.0,5.0,-0.0025382315309563,5.028367337716816,-0.04887353533289194,0.48933225449946166,6.548699114150688e-08,0.0016246233806864279,7.995,1404,1405,1404,1405
9.838000000000008,4,1.838000000000008,0.0,5.0,-0.00324227066362072,5.023345014242741,-0.08292900194186766,-0.15339254846270503,6.548699114150688e-08,0.0016246233806864279,7.995,1404,1405,1404,1405
9.859000000000009,4,1.8590000000000089,0.0,5.0,-0.0022761617915517387,5.011033598263793,0.014471281543559356,-0.6974768800094583,6.305518355982542e-08,0.0015649162340162601,7.995,1406,1404,1406,1404
9.878,4,1.8780000000000001,0.0,5.0,-0.0007114013149468951,5.015725511336768,0.06569130535394137,0.04349697250184856,6.305518355982542e-08,0.0015649162340162601,7.995,1406,1404,1406,1404
9.900000000000006,4,1.9000000000000057,0.0,5.0,0.0001723452370158761,5.026648264480088,0.017455532264692757,0.4908386313765668,6.305518355982542e-08,0.0015649162340162601,7.995,1404,1405,1404,1405
9.921000000000006,4,1.9210000000000065,0.0,5.0,0.0007183913261245406,5.017280233146593,0.0006936456474781303,-0.4514537329098634,6.097077524378148e-08,0.0015023657459621769,7.995,1404,1405,1404,1405
9.938000000000002,4,1.9380000000000024,0.0,5.0,0.0011611340348696522,5.010798383624251,0.002980324112747637,-0.5729231511306925,6.097077524378148e-08,0.0015023657459621769,7.995,1404,1405,1404,1405
9.960000000000008,4,1.960000000000008,0.0,5.0,0.0016713079779612796,5.022330731150994,0.003427715260478358,0.4481286580836837,6.097077524378148e-08,0.0015023657459621769,7.995,1405,1405,1405,1405
9.981000000000009,4,1.9810000000000088,0.0,5.0,0.0021500607163335342,5.02879806652135,0.0033215461313414922,0.3414657826425465,6.097077524378148e-08,0.0015023657459621769,7.995,1405,1405,1405,1405
10.007000000000005,5,0.007000000000005002,0.0,-5.0,0.0020425069147523203,5.013185107852347,-0.024488464327737165,-0.7153609299383433,5.888636692773756e-08,0.0014455016280146772,7.995,1405,1405,1405,1405
10.018,5,0.018000000000000682,0.0,-5.0,0.0016645538696948023,5.012336883734796,-0.05073702971796827,-0.49722176332106105,5.645455934605609e-08,0.0013886375100671776,7.995,1406,1404,1406,1404
10.040000000000006,5,0.04000000000000625,0.0,-5.0,0.0020655956972283076,4.9393362487725225,-0.007234148335425391,-2.705516690860917,0.0,-8.822811482999345,7.995,1406,1404,1406,1404
10.061000000000007,5,0.06100000000000705,0.0,-5.0,0.005606427628201738,4.249618196855935,0.1426832654113746,-29.875944108931115,0.0,-33.02610931641104,7.995,1386,1423,1385,1423
10.082999999999998,5,0.08299999999999841,0.0,-5.0,0.008484935898580567,2.8175597543360413,0.13201885883732528,-65.58700761826333,0.0,-56.22730570046055,7.995,1386,1423,1385,1423
10.097999999999999,5,0.09799999999999898,0.0,-5.0,0.007806726962209395,1.8232150519934727,-0.015329205663649858,-66.77755740192075,0.0,-49.67878670162995,7.995,1414,1390,1414,1390
10.120000000000005,5,0.12000000000000455,0.0,-5.0,0.00448318500990529,1.0904884728120778,-0.17431787352167047,-36.63421480207822,0.0,-44.73464157279492,7.996,1414,1390,1414,1390
10.138000000000005,5,0.13800000000000523,0.0,-5.0,0.004436590563290107,0.6180336157517177,-0.056656152360991315,-25.91843175853547,0.0,-38.716606291326286,7.996,1414,1390,1414,1390
10.158000000000001,5,0.15800000000000125,0.0,-5.0,0.006994576448739219,-0.23733616033154353,0.11941889404637071,-41.00832941825691,0.0,-34.3319902592987,7.996,1408,1392,1408,1392
10.179000000000002,5,0.17900000000000205,0.0,-5.0,0.008156782494805812,-1.1163123508468382,0.05516659415770665,-41.532358606853215,0.0,-30.000738495256417,7.996,1408,1392,1408,1392
10.201000000000008,5,0.20100000000000762,0.0,-5.0,0.008315296744660994,-1.4979831082237391,-0.001498195366023852,-17.609450284154303,0.0,-25.93960022232063,7.996,1385,1418,1385,1418
10.218000000000004,5,0.21800000000000352,0.0,-5.0,0.008464478681603585,-1.7912382407335887,0.002019382905775792,-14.850014585881425,0.0,-22.41722727111545,7.997,1385,1418,1385,1418
10.248000000000005,5,0.24800000000000466,0.0,-5.0,0.008903000671949539,-2.6197357047444925,0.0035273328858370667,-29.94449871763053,0.0,-20.007171116814355,7.997,1385,1418,1385,1418
10.25800000000001,5,0.2580000000000098,0.0,-5.0,0.009048654122494731,-2.8294383070763396,0.0034154237130794786,-24.850656332756326,0.0,-16.36276488325585,7.997,1412,1393,1412,1393
10.28200000000001,5,0.2820000000000107,0.0,-5.0,0.008728924229606774,-3.0105433342401664,-0.02101223154553124,-6.770128328433067,0.0,-15.27539876738982,7.997,1412,1393,1412,1393
10.298000000000002,5,0.2980000000000018,0.0,-5.0,0.00696247489314549,-3.19724997029705,-0.09239845224638871,-9.091118389070372,0.0,-12.98446281976104,7.997,1404,1400,1404,1400
10.317999999999998,5,0.31799999999999784,0.0,-5.0,0.0035071182939880726,-3.5826702880848766,-0.18027985493472468,-19.00488525234459,0.0,-11.646109450011844,7.998,1404,1400,1404,1400
10.341000000000008,5,0.3410000000000082,0.0,-5.0,0.0023687095207840896,-3.8533293405513254,-0.06375371275451966,-12.265584555843551,0.0,-10.191735071926226,7.998,1404,1400,1404,1400
10.359000000000009,5,0.35900000000000887,0.0,-5.0,0.0025423597016262247,-3.8927873433864892,0.007385282946078452,-2.924507710133747,0.0,-8.728981759276296,7.998,1396,1410,1396,1410
10.378,5,0.3780000000000001,0.0,-5.0,0.002649428669833127,-4.017486960837058,0.0060008439554618655,-5.110209225672848,0.0,-7.748894863382717,7.998,1396,1410,1396,1410
10.400000000000006,5,0.4000000000000057,0.0,-5.0,0.0027772079021865783,-4.290217695056136,0.002957222406940091,-12.14719688695972,0.0,-6.817439341266453,7.998,1411,1395,1411,1395
10.421000000000006,5,0.4210000000000065,0.0,-5.0,0.0028915718826179712,-4.387139360039087,0.0032113161579233095,-5.29319554306619,0.0,-5.873416271077365,7.998,1411,1395,1411,1395
10.439999999999998,5,0.4399999999999977,0.0,-5.0,0.0015032696496284292,-4.385642694837208,-0.056631779791433474,0.35533125342065747,0.0,-5.092953179621634,7.998,1411,1395,1411,1395
10.460000000000008,5,0.46000000000000796,0.0,-5.0,0.0005542998770483274,-4.49229780627425,-0.049457196341810686,-4.305064391877629,0.0,-4.4886180418589054,7.998,1402,1405,1402,1405
10.479,5,0.4789999999999992,0.0,-5.0,0.00048585473438667975,-4.631612321001353,0.004832776553210557,-7.918567861423235,0.0,-3.919071191973168,7.998,1402,1405,1402,1405
10.498000000000005,5,0.49800000000000466,0.0,-5.0,0.0019057603493824165,-4.674221175478008,0.0676382027520859,-2.7802150547187616,0.0,-3.452979296454909,7.998,1402,1405,1402,1405
10.52000000000001,5,0.5200000000000102,0.0,-5.0,0.0024063841588924254,-4.665516953154474,0.04885776053075612,0.915570849984342,0.0,-3.0366109646509316,7.998,1398,1409,1398,1409
10.540999999999997,5,0.5409999999999968,0.0,-5.0,-0.00194039195979016,-4.755888893610205,-0.17510210463639223,-3.7400186366549297,0.0,-2.6195141504832904,7.998,1398,1409,1398,1409
10.558000000000007,5,0.5580000000000069,0.0,-5.0,-0.008567132456115444,-4.838201637732144,-0.34648365048540514,-5.136528505865845,0.0,-2.269808464978637,7.998,1408,1400,1408,1399
10.579999999999998,5,0.5799999999999983,0.0,-5.0,-0.013242772136486058,-4.8473233553686965,-0.2093383478098018,-0.4234681533636469,0.0,-2.0202788161530343,7.998,1408,1400,1408,1399
10.600999999999999,5,0.6009999999999991,0.0,-5.0,-0.010748779253866149,-4.8446040863053845,0.14665420666073045,0.6053806369534162,0.0,-1.7483462535714953,7.998,1404,1404,1403,1404
10.61800000000001,5,0.6180000000000092,0.0,-5.0,-0.008266262289671051,-4.890398797143027,0.23217691290895093,-2.028564262503083,0.0,-1.5142984024384898,7.999,1404,1404,1403,1404
10.63900000000001,5,0.63900000000001,0.0,-5.0,-0.008464939752723093,-4.950887379319484,0.04661240254218054,-2.8314950477901597,0.0,-1.3538345271115588,7.999,1404,1404,1403,1404
10.66000000000001,5,0.6600000000000108,0.0,-5.0,-0.010316481306751902,-4.938009057639425,-0.0443862411204324,0.6865366245063903,0.0,-1.170785457355217,7.999,1403,1406,1403,1405
10.679000000000002,5,0.679000000000002,0.0,-5.0,-0.008868628778817975,-4.930983781191244,0.11133433129713587,1.0112926428291915,0.0,-1.0197927065295667,7.999,1403,1406,1403,1405
10.700000000000003,5,0.7000000000000028,0.0,-5.0,-0.00794240193326402,-4.974532213565599,0.13016271490973466,-1.7680893422542403,0.0,-0.8977600645064759,7.998,1407,1402,1407,1401
10.722000000000008,5,0.7220000000000084,0.0,-5.0,-0.009031631176659264,-4.99993838284393,0.013006075899512701,-1.0749275943354963,0.0,-0.7795522216968868,7.998,1407,1402,1407,1401
10.74600000000001,5,0.7460000000000093,0.0,-5.0,-0.009878343681299426,-4.979201074750126,0.04746289116092605,1.2096133752394471,0.0,-0.6706334895193676,7.998,1407,1402,1407,1401
10.760000000000005,5,0.7600000000000051,0.0,-5.0,-0.01088394312800168,-4.985071195454928,0.011647411868368988,0.3841604680510764,0.0,-0.570639520070381,7.998,1404,1406,1403,1405
10.78200000000001,5,0.7820000000000107,0.0,-5.0,-0.010657635582075485,-5.021610999967204,0.08645626103965033,-1.5006323678480578,0.0,-0.5180015466537671,7.998,1404,1406,1403,1405
10.799999999999997,5,0.7999999999999972,0.0,-5.0,-0.008218391768284787,-5.0301534321847745,0.21673453554642647,-0.6122803553147456,0.0,-0.44842465073466853,7.998,1405,1405,1404,1405
10.820999999999998,5,0.820999999999998,0.0,-5.0,-0.007265941398588346,-5.014822218819035,0.16073871039974463,1.020963550363695,0.0,-0.3970616548565991,7.998,1405,1405,1404,1405
10.838000000000008,5,0.8380000000000081,0.0,-5.0,-0.00855336452230631,-5.015958591542195,0.03405370903588363,0.5179467450578482,0.0,-0.3438772396259577,7.998,1405,1405,1404,1405
10.858000000000004,5,0.8580000000000041,0.0,-5.0,-0.01036495630654982,-5.038851678092786,-0.0005561011706048446,-0.856497397626548,0.0,-0.3076317202173743,7.998,1406,1404,1406,1403
10.88300000000001,5,0.8830000000000098,0.0,-5.0,-0.007607458360958921,-5.039798939953302,0.21537739563464345,0.17079969910909243,0.0,-0.2688362457317019,7.998,1406,1404,1406,1403
10.899000000000001,5,0.8990000000000009,0.0,-5.0,-0.005576331690289706,-5.027725726821658,0.24520219037787103,0.9677188106888605,0.0,-0.22712654830668186,7.998,1404,1406,1404,1406
10.920000000000002,5,0.9200000000000017,0.0,-5.0,-0.005863433506043301,-5.030819802515674,0.09896367143126596,0.22889159191817482,0.0,-0.20399497876430975,7.998,1404,1406,1404,1406
10.938000000000002,5,0.9380000000000024,0.0,-5.0,-0.006333523443454078,-5.047186643314316,0.06406927549830217,-0.6428203722496939,0.0,-0.17703850328673051,7.998,1404,1406,1404,1406
10.960000000000008,5,0.960000000000008,0.0,-5.0,-0.004549975705576286,-5.048422053780443,0.17815258451359628,0.09667167605726389,0.0,-0.15700327727462202,7.998,1405,1404,1405,1404
10.985,5,0.9849999999999994,0.0,-5.0,-0.004447309841496195,-5.037091623721038,0.09866237604552508,0.6942178659191572,0.0,-0.13532880586171048,7.998,1405,1404,1405,1404
11.00500000000001,5,1.0050000000000097,0.0,-5.0,-0.0037916950575076127,-5.046915143294809,0.11311477618479439,-0.22688362302389684,0.0,-0.11383648172014144,7.998,1405,1404,1405,1404
11.018,5,1.0180000000000007,0.0,-5.0,-0.002818974650700972,-5.055063558974634,0.17286967331442943,-0.4609035130699876,0.0,-0.09962968824651491,7.997,1406,1404,1406,1404
11.040999999999997,5,1.0409999999999968,0.0,-5.0,-0.0038792281172132246,-5.052586334740035,0.05862644849312843,0.3539374946235782,0.0,-0.09161560184373549,7.997,1406,1404,1406,1404
11.060000000000002,5,1.0600000000000023,0.0,-5.0,-0.005669792390364484,-5.04500610542179,-0.0031179709340692406,0.72998121666102,0.0,-0.07831949803607513,7.997,1404,1406,1404,1406
11.079000000000008,5,1.0790000000000077,0.0,-5.0,-0.0036961999749163758,-5.049699299155235,0.1715310095979598,0.08402726167585133,0.0,-0.0690304407648578,7.997,1404,1406,1404,1406
11.097999999999999,5,1.097999999999999,0.0,-5.0,-0.00018054004922774688,-5.056741224189518,0.2913134644752883,-0.23064017370655096,0.0,-0.060652079829713226,7.997,1405,1405,1405,1405
11.120000000000005,5,1.1200000000000045,0.0,-5.0,-0.0025923763298146885,-5.050071117578177,0.003792825223696572,0.4780472345258667,0.0,-0.05336654249166409,7.997,1405,1405,1405,1405
11.138000000000005,5,1.1380000000000052,0.0,-5.0,-0.0023773262563217836,-5.04386717137769,0.044912355784561805,0.6639106090245182,0.0,-0.04589887122248568,7.997,1405,1405,1405,1405
11.158000000000001,5,1.1580000000000013,0.0,-5.0,0.011018841031636086,-5.044983907306988,0.721004533822625,0.20596591522668156,0.0,-0.04061685715265806,7.997,1405,1405,1405,1405
11.179000000000002,5,1.179000000000002,0.0,-5.0,0.02311093223251662,-5.045738216323451,0.7906057089297888,0.15415821000062083,0.0,-0.035699120950248873,7.997,1405,1405,1405,1405
11.200000000000003,5,1.2000000000000028,0.0,-5.0,0.02134617877066127,-5.034460720230114,0.029886883430619255,0.6904865549199204,0.0,-0.030963522014022266,7.997,1404,1406,1405,1405
11.219000000000008,5,1.2190000000000083,0.0,-5.0,0.022275763181130708,-5.02711826687235,0.05811913352448309,0.6511821246193763,0.0,-0.026774341546449983,7.996,1404,1406,1405,1405
11.245000000000005,5,1.2450000000000045,0.0,-5.0,0.03813408338935842,-5.029404672697011,0.7472469210266074,0.10796780175836666,0.0,-0.023495850744843862,7.996,1404,1406,1405,1405
11.259,5,1.2590000000000003,0.0,-5.0,0.03987557485440672,-5.026933424877936,0.4902135623458048,0.2867196286499258,0.0,-0.019853082075819293,7.996,1405,1404,1405,1405
11.278000000000006,5,1.2780000000000058,0.0,-5.0,0.03461236048006316,-5.019703669641478,-0.13687124133515655,0.6107645335666787,0.0,-0.018031699408833663,7.996,1405,1404,1405,1405
11.298000000000002,5,1.2980000000000018,0.0,-5.0,0.029675531097479012,-5.023850021354499,-0.18778484545039353,0.046162650593591065,0.0,-0.01584603887442958,7.996,1405,1404,1406,1405
11.320000000000007,5,1.3200000000000074,0.0,-5.0,0.0320908734179913,-5.034377904186427,0.2054284647163662,-0.31553761082081117,0.0,-0.0138425164399714,7.996,1405,1404,1406,1405
11.338999999999999,5,1.3389999999999986,0.0,-5.0,0.030568991878068084,-5.032354460644811,0.06900954332084447,0.24157840149720905,0.0,-0.012021132939222441,7.996,1405,1404,1406,1405
11.358000000000004,5,1.358000000000004,0.0,-5.0,0.02421292389114934,-5.026745594675761,-0.22029209026843785,0.5652170435604784,0.0,-0.010564025638365278,7.996,1404,1405,1405,1406
11.381,5,1.3810000000000002,0.0,-5.0,0.01740902661387184,-5.031500260111736,-0.22444151023049994,0.02237347023782693,0.0,-0.009289057271217342,7.996,1404,1405,1405,1406
11.39800000000001,5,1.3980000000000103,0.0,-5.0,0.012909376862678117,-5.038085843132098,-0.18956209535698523,-0.20898588603624535,0.0,-0.008014088070306076,7.996,1405,1405,1405,1405
11.420000000000002,5,1.4200000000000017,0.0,-5.0,0.002523051410513047,-5.045561485178677,-0.39465649445382905,-0.15590076201262032,0.0,-0.007103396736813261,7.996,1405,1405,1405,1405
11.438000000000002,5,1.4380000000000024,0.0,-5.0,-0.00788262360404986,-5.051226273321556,-0.491057304151713,-0.11466260110438242,0.0,-0.006192704569557119,7.996,1405,1405,1405,1405
11.462000000000003,5,1.4620000000000033,0.0,-5.0,-0.014792183707684257,-5.054675091965589,-0.22015177790576168,0.06693478664906714,0.0,-0.005464151336010201,7.996,1405,1405,1405,1405
11.478000000000009,5,1.4780000000000086,0.0,-5.0,-0.015753874676327384,-5.0543382782621435,-0.019115443323304403,0.20768474833957112,0.0,-0.004553459168754059,7.996,1405,1405,1405,1405
11.50200000000001,5,1.5020000000000095,0.0,-5.0,-0.015372524671037209,-5.051131931333646,0.07478093310758624,0.3021663149013212,0.0,-0.0041891825519806,7.996,1405,1405,1405,1405
11.519000000000005,5,1.5190000000000055,0.0,-5.0,-0.014185876019293359,-5.049500369895658,0.12106350221288929,0.2987736318745289,0.0,-0.00346062910999285,7.995,1405,1405,1405,1405
11.538000000000011,5,1.538000000000011,0.0,-5.0,-0.012903133642889902,-5.047411612670104,0.12665825423634955,0.29664704180427487,0.0,-0.0030963522847785594,7.995,1405,1405,1405,1405
11.558999999999997,5,1.5589999999999975,0.0,-5.0,-0.011414589295810166,-5.0452549804396725,0.12443388040317324,0.29686723536372844,0.0,-0.0027320756680051005,7.995,1405,1405,1405,1405
11.579999999999998,5,1.5799999999999983,0.0,-5.0,-0.00982213469288566,-5.04255065241517,0.12439654114636295,0.2969263858691578,0.0,-0.002549937151177539,7.995,1405,1405,1405,1405
11.599000000000004,5,1.5990000000000038,0.0,-5.0,-0.008513989215452914,-5.040339805558202,0.12445040892735613,0.29690640222975023,0.0,-0.0023677988427908097,7.995,1405,1405,1405,1405
11.61800000000001,5,1.6180000000000092,0.0,-5.0,-0.005370589333691263,-5.038783803087909,0.18358692047305378,0.24006236630573066,0.0,-0.0021856605344040803,7.995,1405,1405,1405,1405
11.64,5,1.6400000000000006,0.0,-5.0,0.00112276289172251,-5.040365845654413,0.35719629527046765,0.09387955608954349,0.0,-0.002003522017576519,7.995,1405,1405,1405,1405
11.661000000000001,5,1.6610000000000014,0.0,-5.0,-0.001103094623293151,-5.0348739466748995,-0.032381980215883344,0.382236942706498,0.0,-0.002003522017576519,7.995,1405,1406,1405,1405
11.679000000000002,5,1.679000000000002,0.0,-5.0,-0.0036082446140859336,-5.030830474686252,-0.14413331990825362,0.46794346375271384,0.0,-0.002003522017576519,7.995,1405,1406,1405,1405
11.701000000000008,5,1.7010000000000076,0.0,-5.0,0.0007157594479642877,-5.030567085516383,0.24090717532869663,0.14179886263556374,0.0,-0.002003522017576519,7.995,1406,1405,1405,1405
11.719999999999999,5,1.7199999999999989,0.0,-5.0,0.00842763968278915,-5.033769590463473,0.47470124224535387,-0.017471053602777346,0.0,-0.0018213837091897898,7.995,1406,1405,1405,1405
11.748000000000005,5,1.7480000000000047,0.0,-5.0,0.012909668679842364,-5.034433826360257,0.20734765449164722,0.14298606157110302,0.0,-0.0018213837091897898,7.995,1406,1405,1405,1405
11.75800000000001,5,1.7580000000000098,0.0,-5.0,0.013637427336939206,-5.03395485934471,0.13467086654556787,0.17932701686508146,0.0,-0.0018213837091897898,7.995,1405,1405,1405,1405
11.780000000000001,5,1.7800000000000011,0.0,-5.0,0.013832466256834762,-5.031173691692045,0.06334254070257017,0.23558026810632135,0.0,-0.0018213837091897898,7.995,1405,1405,1405,1405
11.799000000000007,5,1.7990000000000066,0.0,-5.0,0.014061215061780707,-5.029214708060721,0.061621793269083146,0.2355653537479384,0.0,-0.0018213837091897898,7.995,1405,1405,1405,1405
11.817999999999998,5,1.8179999999999978,0.0,-5.0,0.014363572661999429,-5.027800858902528,0.0637272657818057,0.2339557769813426,0.0,-0.0016392454008030601,7.995,1405,1405,1405,1405
11.841000000000008,5,1.8410000000000082,0.0,-5.0,0.014663092131855026,-5.025671120541953,0.06245699733852877,0.23276577660102654,0.0,-0.0016392454008030601,7.995,1405,1405,1405,1405
11.858000000000004,5,1.858000000000004,0.0,-5.0,0.012948577079232965,-5.026182957842881,-0.01783180465132505,0.1427023152358566,0.0,-0.0016392454008030601,7.995,1405,1405,1405,1405
11.881,5,1.8810000000000002,0.0,-5.0,0.008043759205803299,-5.028282387239014,-0.1711688628296037,0.011819176285007598,0.0,-0.0016392454008030601,7.995,1405,1405,1405,1405
11.905000000000001,5,1.9050000000000011,0.0,-5.0,0.01157754833795848,-5.02342270764455,0.20285399032737383,0.31805117379622877,0.0,-0.0016392454008030601,7.995,1405,1405,1405,1406
11.920000000000002,5,1.9200000000000017,0.0,-5.0,0.01335961489528689,-5.02309912743262,0.21022787322749018,0.2485906312168585,0.0,-0.0016392454008030601,7.995,1405,1405,1405,1406
11.939000000000007,5,1.9390000000000072,0.0,-5.0,0.012397931430513704,-5.029703066586377,0.0036719095310461898,-0.17675850555139966,0.0,-0.0016392454008030601,7.995,1405,1405,1405,1406
11.959000000000003,5,1.9590000000000032,0.0,-5.0,0.0067275458175424735,-5.032776651712882,-0.2555190843974695,-0.08823205686300076,0.0,-0.0016392454008030601,7.995,1404,1404,1406,1405
11.978000000000009,5,1.9780000000000086,0.0,-5.0,0.0027235479367025014,-5.026937693746167,-0.23173553861426532,0.3840767181924644,0.0,-0.0016392454008030601,7.995,1404,1404,1406,1405
12.009,6,0.009000000000000341,0.0,0.0,0.003127186520116134,-5.028638837736324,0.04438877576094471,-0.04944620400611519,0.0,-0.0016392454008030601,7.995,1404,1404,1406,1405
12.02000000000001,6,0.020000000000010232,0.0,0.0,0.0029795603855406385,-5.033106208340335,0.01916900594692012,-0.2729928694089042,0.0,-0.001457106988195915,7.995,1405,1404,1406,1405
12.040000000000006,6,0.04000000000000625,0.0,0.0,-0.0003064404610628762,-4.953418391293797,-0.15130798006410243,3.047257522019689,0.0,9.746743124858018,7.995,1405,1404,1406,1405
12.058999999999997,6,0.0589999999999975,0.0,0.0,-0.005328959530803234,-4.462050740421671,-0.29436789305560623,23.027571267800496,0.0,30.515560588851542,7.995,1416,1393,1416,1393
12.079999999999998,6,0.0799999999999983,0.0,0.0,-0.00811452486813299,-3.5145733020598495,-0.15010968207116188,44.51299851913342,0.0,26.89927936674786,7.995,1416,1393,1416,1393
12.104,6,0.1039999999999992,0.0,0.0,-0.008071635248858743,-3.1040633515730387,-0.0005273630162698838,17.009336203298645,0.0,23.34007462044338,7.995,1421,1380,1421,1380
12.119,6,0.11899999999999977,0.0,0.0,-0.00791810190111558,-3.0289588049029903,0.007154503927432679,4.885305183569491,0.0,19.79928064904668,7.996,1421,1380,1421,1380
12.138000000000005,6,0.13800000000000523,0.0,0.0,-0.008657832565816452,-2.6278550921203454,-0.050686697093479095,17.83820527228908,0.0,17.949837884083767,7.996,1421,1380,1421,1380
12.159000000000006,6,0.15900000000000603,0.0,0.0,-0.009524370294832173,-1.9872785437347062,-0.06006979953286303,30.450837716276503,0.0,15.796238257643727,7.996,1380,1420,1380,1420
12.177999999999997,6,0.17799999999999727,0.0,0.0,-0.009633513249313538,-1.8111766301379137,-0.03361948176043206,13.611890827107581,0.0,13.685608205045883,7.996,1380,1420,1380,1420
12.201000000000008,6,0.20100000000000762,0.0,0.0,-0.009165698652020556,-1.7511322237009201,0.005653585698825579,1.443908607286454,0.0,12.069160268145033,7.997,1412,1392,1412,1392
12.219999999999999,6,0.21999999999999886,0.0,0.0,-0.008041795693169585,-1.386241960454271,0.03526470024170557,16.818073831065362,0.0,10.33383971892928,7.997,1412,1392,1412,1392
12.247,6,0.2469999999999999,0.0,0.0,-0.0074415036071787885,-1.0030432684156971,-0.0009069558653496335,14.832044358175121,0.0,9.082718110164903,7.997,1412,1392,1412,1392
12.25800000000001,6,0.2580000000000098,0.0,0.0,-0.007694557446853133,-1.004278785603529,-0.03755303706223132,5.02632212294722,0.0,7.579744374813705,7.997,1412,1393,1412,1393
12.280000000000001,6,0.28000000000000114,0.0,0.0,-0.007092222640712613,-0.9927992653211474,-0.0022480199864359984,-0.5003351556438232,0.0,7.038062135420681,7.997,1412,1393,1412,1393
12.298000000000002,6,0.2980000000000018,0.0,0.0,-0.006679773263347063,-0.7641562816165904,0.0020081604514022118,10.807912050162464,0.0,6.070962844233882,7.997,1389,1414,1389,1414
12.317999999999998,6,0.31799999999999784,0.0,0.0,-0.007932799481033669,-0.5583195129941176,-0.0867867848325621,12.289825750981572,0.0,5.366984637990776,7.998,1389,1414,1389,1414
12.340000000000003,6,0.3400000000000034,0.0,0.0,-0.010079304822102527,-0.5757755555219661,-0.12659463475949057,-0.5625959051056332,0.0,4.699618807019878,7.998,1389,1414,1389,1414
12.358000000000004,6,0.3580000000000041,0.0,0.0,-0.010427107526190965,-0.5774258999801705,-0.06012675557321727,-1.3696015919237101,0.0,4.050547637740858,7.998,1411,1394,1411,1394
12.379000000000005,6,0.3790000000000049,0.0,0.0,-0.00981404468732943,-0.41246808034448845,0.006230915942806836,7.746096193370304,0.0,3.5825823493993125,7.998,1411,1394,1411,1394
12.39800000000001,6,0.39800000000001035,0.0,0.0,-0.009291078313520577,-0.3002161624911503,0.005061134323156412,7.152092143614044,0.0,3.1164409350095714,7.998,1402,1403,1402,1403
12.420000000000002,6,0.4200000000000017,0.0,0.0,-0.00871246574154329,-0.3469295871330129,0.003143036986273827,-2.237274566414574,0.0,2.742609740695964,7.998,1402,1403,1402,1403
12.438000000000002,6,0.4380000000000024,0.0,0.0,-0.008175237846036066,-0.3414419837021572,0.0032943771195868493,-1.05359328501955,0.0,2.3623485636090247,7.998,1402,1403,1402,1403
12.460000000000008,6,0.46000000000000796,0.0,0.0,-0.007210130949044606,-0.20262213742156363,0.01949414696379653,6.106770110957673,0.0,2.0945641670095045,7.998,1398,1408,1398,1408
12.479,6,0.4789999999999992,0.0,0.0,-0.006727759260954036,-0.1631122678373902,0.019584276779382268,3.6068137261404023,0.0,1.8030561755450032,7.998,1398,1408,1398,1408
12.50200000000001,6,0.5020000000000095,0.0,0.0,-0.0073809873974207485,-0.20796409240445407,-0.04793321038325159,-2.224056442823307,0.0,1.5886802297169864,7.998,1398,1408,1398,1408
12.518,6,0.5180000000000007,0.0,0.0,-0.0045516344777141934,-0.18559813103914485,0.09152887044746823,0.046117650719337655,0.0,1.3594773305830472,7.998,1406,1400,1407,1400
12.540000000000006,6,0.5400000000000063,0.0,0.0,0.0016907071492770372,-0.09048632611400909,0.2818166200429144,4.460223664818693,0.0,1.2216667381338155,7.998,1406,1400,1407,1400
12.563000000000002,6,0.5630000000000024,0.0,0.0,0.0030142290984164076,-0.08657333475089259,0.03610552054091794,0.11895836320549731,0.0,1.0533023616495896,7.998,1402,1404,1402,1405
12.579000000000008,6,0.5790000000000077,0.0,0.0,0.002832743835155095,-0.11651797129960613,-0.03576572196476311,-2.1494562629347813,0.0,0.8986934525452406,7.998,1402,1404,1402,1405
12.597999999999999,6,0.597999999999999,0.0,0.0,0.0031438196815965014,-0.09972338990419104,-0.001311586627121703,0.21942548333706605,0.0,0.8105728598338219,7.998,1401,1405,1402,1406
12.620000000000005,6,0.6200000000000045,0.0,0.0,0.0015533724681007614,-0.03902693719024586,-0.0800678530408265,2.8918011358497293,0.0,0.7128065992713172,7.998,1401,1405,1402,1406
12.638000000000005,6,0.6380000000000052,0.0,0.0,0.0009145913656725498,-0.04002888391981508,-0.0693955757409758,0.4606585867552192,0.0,0.6143975538748908,7.998,1401,1405,1402,1406
12.66000000000001,6,0.6600000000000108,0.0,0.0,0.004333469881315456,-0.06926694940508271,0.14447953846202186,-1.597876972712703,0.0,0.5444652213146872,7.998,1407,1401,1407,1401
12.683000000000007,6,0.6830000000000069,0.0,0.0,0.00612543279244678,-0.03704508176335129,0.07251559147960308,1.3258430245106714,0.0,0.46943047064021964,7.998,1407,1401,1407,1401
12.698000000000008,6,0.6980000000000075,0.0,0.0,0.005413574418866384,-0.013528711269280966,-0.03973290794409676,1.9074692773869881,0.0,0.401765147234652,7.998,1402,1405,1403,1405
12.719000000000008,6,0.7190000000000083,0.0,0.0,0.004536532105701129,-0.01854344166074228,-0.0584636845515985,-0.1574766680810421,0.0,0.3633639294105627,7.997,1402,1405,1403,1405
12.74600000000001,6,0.7460000000000093,0.0,0.0,0.005437763977374074,-0.0276722979788951,0.03578494187696369,-0.4377848168333754,0.0,0.3153759007561258,7.997,1402,1405,1403,1405
12.75800000000001,6,0.7580000000000098,0.0,0.0,0.005791259617455291,-0.010123977861131981,0.04355072355597604,0.8069121452429595,0.0,0.2630348004445694,7.997,1403,1405,1403,1405
12.778000000000006,6,0.7780000000000058,0.0,0.0,0.005590046263245949,0.009994927139705742,-0.0058340521033020095,1.101425633385678,0.0,0.24143435387483053,7.997,1403,1405,1403,1405
12.802999999999997,6,0.8029999999999973,0.0,0.0,0.0034489524630472034,-0.004921704498961265,-0.09804563130781409,-0.7698071425768652,0.0,0.21124171609220072,7.997,1405,1403,1406,1403
12.822000000000003,6,0.8220000000000027,0.0,0.0,0.0043234322046287145,-0.006229972122721332,0.01968663456791325,-0.38089360991540044,0.0,0.1783633865629411,7.997,1405,1403,1406,1403
12.838000000000008,6,0.8380000000000081,0.0,0.0,0.006179069204116885,0.0066254715085424755,0.12131822024416317,0.5449626511853346,0.0,0.15746001949494018,7.997,1405,1403,1406,1403
12.86,6,0.8599999999999994,0.0,0.0,0.008335435464047285,0.018189150610447662,0.10086034292662709,0.45712641845897056,0.0,0.14148092533382758,7.997,1403,1405,1403,1405
12.878,6,0.8780000000000001,0.0,0.0,0.00873163396041763,0.010417302469472294,0.037018274604880316,-0.44270431394393,0.0,0.12176210249893465,7.997,1403,1405,1403,1405
12.899000000000001,6,0.8990000000000009,0.0,0.0,0.008844330414196187,0.003688261297403891,0.0012209676009041878,-0.46619488196433767,0.0,0.10813538818697659,7.997,1405,1404,1404,1404
12.918000000000006,6,0.9180000000000064,0.0,0.0,0.010136912865378024,0.011431844027850377,0.05968275325652677,0.2548698429003481,0.0,0.0934950244433997,7.996,1405,1404,1404,1404
12.939000000000007,6,0.9390000000000072,0.0,0.0,0.012514058820380468,0.018788372978090665,0.12380144757471237,0.302813902212003,0.0,0.08234089864194576,7.996,1405,1404,1404,1404
12.957999999999998,6,0.9579999999999984,0.0,0.0,0.014464027802619524,0.015402516805415102,0.11839207115419449,-0.2403231141133812,0.0,0.07168740436231259,7.996,1405,1404,1405,1404
12.981000000000009,6,0.9810000000000088,0.0,0.0,0.014730568597861999,0.014789312226788075,0.01328878169812776,-0.16170937099425337,0.0,0.06307136751828613,7.996,1405,1404,1405,1404
13.0,6,1.0,0.0,0.0,0.014682166969236807,0.021688461961528824,-0.00022519989134704946,0.26269459832696457,0.0,0.053824812166396244,7.995,1404,1405,1404,1405
13.019000000000005,6,1.0190000000000055,0.0,0.0,0.014631967746879858,0.021895341988186164,0.00335361496172466,0.009361609688355546,0.0,0.04750708728733279,7.995,1404,1405,1404,1405
13.038000000000011,6,1.038000000000011,0.0,0.0,0.014211284122902608,0.015235682431325599,-0.006722309366970908,-0.4428059930491133,0.0,0.04179188647868495,7.995,1404,1405,1404,1405
13.058999999999997,6,1.0589999999999975,0.0,0.0,0.012248243399231976,0.016161624963585246,-0.08106441365930707,-0.1540420834445174,0.0,0.03670798458037405,7.995,1404,1404,1404,1404
13.078000000000003,6,1.078000000000003,0.0,0.0,0.010448743684511501,0.02294318238629471,-0.09351611532050477,0.2517258748088795,0.0,0.03194447458303229,7.995,1404,1404,1404,1404
13.105000000000004,6,1.105000000000004,0.0,0.0,0.00916383102216938,0.017989829482107624,-0.024773166155755668,-0.34372905653748015,0.0,0.028110090426330437,7.995,1405,1404,1405,1404
13.11800000000001,6,1.1180000000000092,0.0,0.0,0.008584138726684383,0.014136180389985565,-0.02908615380719435,-0.49798615753872066,0.0,0.023411567277702963,7.995,1405,1404,1405,1404
13.138000000000005,6,1.1380000000000052,0.0,0.0,0.00833965597400561,0.016894141074222626,-0.0003577570044425368,-0.050512147073566924,0.0,0.021376954642565997,7.995,1405,1404,1405,1404
13.159000000000006,6,1.159000000000006,0.0,0.0,0.0067519479856984,0.02463887189676959,-0.05373789400714386,0.2819547446106221,0.0,0.018751915842879732,7.995,1404,1405,1404,1405
13.179000000000002,6,1.179000000000002,0.0,0.0,0.004668963320534327,0.021628115839489374,-0.09198533919341532,-0.21294828954913866,0.0,0.016284309902014283,7.995,1404,1405,1404,1405
13.198000000000008,6,1.1980000000000075,0.0,0.0,0.004478265806279426,0.015142184211901132,-0.006359050775219004,-0.46263854120172954,0.0,0.014241783185382962,7.995,1405,1404,1405,1404
13.218000000000004,6,1.2180000000000035,0.0,0.0,0.004026943464464646,0.02004666190989362,0.0018315820937576978,0.06654437863899877,0.0,0.01247184038058399,7.995,1405,1404,1405,1404
13.245000000000005,6,1.2450000000000045,0.0,0.0,-0.00023326256509923502,0.024672567607843428,-0.15649030605557027,0.05230664921090885,0.0,0.010935134528717068,7.995,1405,1404,1405,1404
13.259,6,1.2590000000000003,0.0,0.0,-0.00184762474236213,0.02038927860609174,-0.1487055712686218,-0.32523848047421267,0.0,0.009114958317264762,7.995,1404,1404,1405,1404
13.28200000000001,6,1.2820000000000107,0.0,0.0,-0.0021551101954791507,0.017412430035770275,0.004081968925836564,-0.26066000236709413,0.0,0.00830287867367733,7.995,1404,1404,1405,1404
13.298000000000002,6,1.2980000000000018,0.0,0.0,-0.002474867810997712,0.02271766107918533,0.006685009713918628,0.1506853256119338,0.0,0.00709861176908295,7.995,1404,1405,1404,1405
13.319000000000003,6,1.3190000000000026,0.0,0.0,-0.00498955907663677,0.02524742574356186,-0.09856918798605804,0.06052380033936393,0.0,0.006385364345800743,7.995,1404,1405,1404,1405
13.338000000000008,6,1.338000000000008,0.0,0.0,-0.006518411711732164,0.01939748377878498,-0.08682066897414771,-0.41118253735707155,0.0,0.0055335250304664385,7.995,1404,1405,1404,1405
13.36,6,1.3599999999999994,0.0,0.0,-0.0067557032557205845,0.01827114456349422,0.006088506665364735,-0.17350765567159093,0.0,0.0048782491712700445,7.995,1405,1404,1405,1404
13.379000000000005,6,1.3790000000000049,0.0,0.0,-0.007005488743155372,0.025449106422115658,0.0058957964464398625,0.26853304936557676,0.0,0.004201840746802271,7.995,1405,1404,1405,1404
13.403000000000006,6,1.4030000000000058,0.0,0.0,-0.006814880024694735,0.024297929397330914,0.020731161590562614,-0.14742240283915853,0.0,0.0037000461251411403,7.995,1405,1404,1405,1404
13.418000000000006,6,1.4180000000000064,0.0,0.0,-0.0070000492712138235,0.01930795093774096,0.02193021997565686,-0.4530538648054976,0.0,0.003175466836177333,7.994,1405,1404,1405,1404
13.439000000000007,6,1.4390000000000072,0.0,0.0,-0.0075023007951778315,0.02002043004811787,-8.096133716678871e-05,-0.1433901099491916,0.0,0.002918454288229158,7.994,1405,1404,1405,1404
13.457999999999998,6,1.4579999999999984,0.0,0.0,-0.007947677153830265,0.027080822940081167,-0.00816466572705709,0.27338138977880155,0.0,0.002634877415378824,7.994,1404,1405,1404,1405
13.480000000000004,6,1.480000000000004,0.0,0.0,-0.008077886806280223,0.025472531836534685,0.00865926413744791,-0.14331667207540075,0.0,0.0023402187857162427,7.994,1404,1405,1404,1405
13.504000000000005,6,1.5040000000000049,0.0,0.0,-0.00664154438106749,0.018196774542304426,0.07285003729520231,-0.42663266538347844,0.0,0.0022462159310384622,7.994,1404,1405,1404,1405
13.52000000000001,6,1.5200000000000102,0.0,0.0,-0.006343007084410415,0.0215610212370859,0.06744122116363979,-0.042986152392178956,0.0,0.0021073463957986672,7.995,1404,1404,1404,1404
13.542000000000002,6,1.5420000000000016,0.0,0.0,-0.007579585652956782,0.02652735750379196,-0.034910464219790494,0.12054766284799466,0.0,0.0021073463957986672,7.995,1404,1404,1404,1404
13.558000000000007,6,1.558000000000007,0.0,0.0,-0.00882604598444785,0.02213396338468022,-0.06110772815254713,-0.28028340265680524,0.0,0.0021073463957986672,7.995,1404,1404,1404,1404
13.585000000000008,6,1.585000000000008,0.0,0.0,-0.009292183049928082,0.0159505661151359,0.001676973399764287,-0.3441179771137742,0.0,0.0021073463957986672,7.995,1404,1404,1404,1404
13.597999999999999,6,1.597999999999999,0.0,0.0,-0.009500237849112343,0.019175519306026095,0.006192462361310795,0.013110401369494026,0.0,0.002030316044275106,7.995,1404,1405,1404,1405
13.620000000000005,6,1.6200000000000045,0.0,0.0,-0.010634709591888981,0.023547434014322667,-0.0368067655242347,0.13492606482451774,0.0,0.002030316044275106,7.995,1404,1405,1404,1405
13.638000000000005,6,1.6380000000000052,0.0,0.0,-0.010985914050349203,0.018621028340845395,-0.00456319293870832,-0.3210195580012604,0.0,0.0019471137597277383,7.995,1404,1405,1404,1405
13.661000000000001,6,1.6610000000000014,0.0,0.0,-0.011420053780651506,0.01468251548230725,0.0049133572774188354,-0.31531144084583385,0.0,0.0019471137597277383,7.995,1405,1404,1405,1404
13.680000000000007,6,1.6800000000000068,0.0,0.0,-0.011746495468317126,0.019860285790959543,0.003539846422721605,0.13666734951626108,0.0,0.0019471137597277383,7.995,1405,1404,1405,1404
13.700000000000003,6,1.7000000000000028,0.0,0.0,-0.012051676191159096,0.02169605254285253,0.0034037180928582393,0.05099220798659832,0.0,0.0019471137597277383,7.995,1404,1404,1404,1404
13.719999999999999,6,1.7199999999999989,0.0,0.0,-0.01234188669347524,0.014572285300448235,0.003433560775159872,-0.4303005570090546,0.0,0.0018763814479311035,7.995,1404,1404,1404,1404
13.74600000000001,6,1.7460000000000093,0.0,0.0,-0.012280429164921674,0.01585330762310929,0.027832003676543732,-0.04182680448679532,0.0,0.0018015138784762694,7.995,1404,1404,1404,1404
13.75800000000001,6,1.7580000000000098,0.0,0.0,-0.011810407596103665,0.019515027732543332,0.05753452536042553,0.18926660963410286,0.0,0.0018015138784762694,7.995,1404,1405,1404,1405
13.781000000000006,6,1.781000000000006,0.0,0.0,-0.010907155932772472,0.019795377315997936,0.061266243236165634,-0.07634029731161188,0.0,0.0018015138784762694,7.995,1404,1405,1404,1405
13.799000000000007,6,1.7990000000000066,0.0,0.0,-0.010898142117450573,0.015034687106226114,0.01379942504997216,-0.3661839704445582,0.0,0.0018015138784762694,7.995,1404,1404,1405,1404
13.820000000000007,6,1.8200000000000074,0.0,0.0,-0.008764337493133033,0.016572551889116757,0.10492363180201693,-0.029249721496570947,0.0,0.0018015138784762694,7.995,1404,1404,1405,1404
13.841000000000008,6,1.8410000000000082,0.0,0.0,-0.006944857890939949,0.0239809025651472,0.12620838222584105,0.26468309050993744,0.0,0.0016718250154440742,7.995,1404,1404,1405,1404
13.859000000000009,6,1.8590000000000089,0.0,0.0,-0.008206996724902637,0.024899006054611872,-0.03065121094721277,0.03505923761270314,0.0,0.0016718250154440742,7.995,1404,1405,1404,1404
13.878,6,1.8780000000000001,0.0,0.0,-0.009125704692778958,0.019442960565661103,-0.040837087397697994,-0.3674565467447226,0.0,0.0016718250154440742,7.995,1404,1405,1404,1404
13.903000000000006,6,1.9030000000000058,0.0,0.0,-0.00950457675346302,0.022720047309825533,0.006220088692249977,0.07364235924924362,0.0,0.0016718250154440742,7.995,1404,1405,1404,1405
13.918000000000006,6,1.9180000000000064,0.0,0.0,-0.009204652074630785,0.028553342356027158,0.02502223794178304,0.3381436693437022,0.0,0.001598119816286682,7.995,1404,1405,1404,1405
13.939000000000007,6,1.9390000000000072,0.0,0.0,-0.007121072519333313,0.02941710782198254,0.11998169096180919,-0.007555308966181481,0.0,0.0015380304933517676,7.995,1404,1405,1404,1405
13.960000000000008,6,1.960000000000008,0.0,0.0,-0.007458667459016421,0.023395847503946687,0.025179967620348066,-0.4055198569678814,0.0,0.0015380304933517676,7.995,1405,1404,1405,1404
13.978000000000009,6,1.9780000000000086,0.0,0.0,-0.010985808996170075,0.024479137851167856,-0.15517773579616423,-0.11177445828188518,0.0,0.0015380304933517676,7.995,1405,1404,1405,1404
