time_s,step,step_time_s,roll_command_deg,pitch_command_deg,roll_deg,pitch_deg,roll_rate_dps,pitch_rate_dps,roll_target_rate_dps,pitch_target_rate_dps,altitude_m,pwm1,pwm2,pwm3,pwm4
0.016999999999995907,0,0.016999999999995907,0.0,0.0,-1.6475895440912887,-0.08809564651269224,-121.41775936570211,-32.72716559681792,-2.203053397682106,-0.7337451845022259,8.045,1220,1511,1490,1254
0.0379999999999967,0,0.0379999999999967,0.0,0.0,0.45614175064057805,-0.9107987889103245,92.13182065765504,-43.726983764542936,-2.1470701790369198,-0.9687372559271329,8.045,1220,1511,1490,1254
0.06199999999999761,0,0.06199999999999761,0.0,0.0,1.8399857277267928,0.22656380475209628,65.95122062556509,50.49451277910999,7.122919551895273,2.8264772066277275,8.045,1469,1293,1220,1511
0.08100000000000307,0,0.08100000000000307,0.0,0.0,-0.7484247017716115,0.6906300422533436,-123.42088992472677,36.24778660450099,6.058118673499672,2.403948897966045,8.045,1469,1293,1220,1511
0.10500000000000398,0,0.10500000000000398,0.0,0.0,-2.1054152031665394,-0.6444606848675548,-63.354765193719764,-59.49864529400566,5.322005280985303,2.11184774726081,8.045,1469,1293,1220,1511
0.11899999999999977,0,0.11899999999999977,0.0,0.0,-0.5612384050080932,-1.0632473305245398,73.27015764201644,-52.65549242494823,4.529808778309136,1.7974927730226162,8.04,1515,1220,1401,1376
0.14000000000000057,0,0.14000000000000057,0.0,0.0,1.2575185078089182,-0.06923287850051198,97.74700796678172,43.30225528119487,4.129353933497643,1.6385869278783887,8.04,1515,1220,1401,1376
0.15699999999999648,0,0.15699999999999648,0.0,0.0,-0.2748720518847304,0.7148988249523096,-57.61382727178397,59.826105053383586,3.5829661206533028,1.4217723910732658,8.04,1220,1514,1434,1337
0.17900000000000205,0,0.17900000000000205,0.0,0.0,-2.5554689607399617,-0.07707682382384932,-111.57243099791143,-33.79937552291569,3.196097589318022,1.2682569525663534,8.04,1220,1514,1434,1337
0.1979999999999933,0,0.1979999999999933,0.0,0.0,-0.84143923174505,-0.9659579025434666,65.77140906547534,-58.11168659057537,2.753506667186485,1.0926306976122289,8.04,1220,1514,1434,1337
0.22100000000000364,0,0.22100000000000364,0.0,0.0,1.7277359443075704,-0.0014171631589743178,117.40924428522669,42.151061047535066,2.4246223864797924,0.9621247790369143,8.035,1513,1220,1307,1457
0.23699999999999477,0,0.23699999999999477,0.0,0.0,0.4196143792070259,0.8476433380280959,-40.940894960581375,62.83181175991774,2.072903929604102,0.82255754731052,8.035,1513,1220,1307,1457
0.2609999999999957,0,0.2609999999999957,0.0,0.0,-1.7822137465710035,0.0581804851650942,-102.47634023112528,-34.51260095152134,1.8635541492315681,0.739484357674035,8.035,1237,1507,1515,1220
0.277000000000001,0,0.277000000000001,0.0,0.0,-0.34360291148124644,-0.7550091642140624,46.366284973051755,-61.59612125603571,1.580457749173349,0.6271477561471592,8.035,1237,1507,1515,1220
0.29699999999999704,0,0.29699999999999704,0.0,0.0,2.446359463513358,-0.3308118081152373,151.80849483237708,11.181576331728229,1.424853019832353,0.5654015120289217,8.035,1237,1507,1515,1220
0.31799999999999784,0,0.31799999999999784,0.0,0.0,1.4514719745751854,0.9035711681079817,-35.13833165685914,61.70461881100136,1.2446635581824252,0.4938998367852019,8.029,1427,1353,1220,1514
0.3370000000000033,0,0.3370000000000033,0.0,0.0,-0.904822586829975,0.47874583481191213,-140.88146257554232,-7.795776428072038,1.0787030881209265,0.4280443801075554,8.029,1427,1353,1220,1514
0.3569999999999993,0,0.3569999999999993,0.0,0.0,-0.1369983202063158,-0.7838996904644527,19.41095707397477,-65.0922765261118,0.9510045907378988,0.3773718203050391,8.029,1427,1353,1220,1514
0.3789999999999907,0,0.3789999999999907,0.0,0.0,2.510216182724277,-0.1845402254501598,132.26793833399591,22.249708343984423,0.8304197887362922,0.3295220229400156,8.029,1514,1220,1318,1450
0.39699999999999136,0,0.39699999999999136,0.0,0.0,1.7478775318397033,0.9563076990198848,-5.170309340840259,70.73947010168916,0.716059850389506,0.2841423528161567,8.029,1514,1220,1318,1450
0.41799999999999216,0,0.41799999999999216,0.0,0.0,-1.0278517961416527,0.6544493029201696,-140.87860755646923,-5.465991645104696,0.6349352923788845,0.25195108428850477,8.023,1220,1517,1482,1276
0.4380000000000024,0,0.4380000000000024,0.0,0.0,-0.5132914908908085,-0.7136747803478493,2.452022544108945,-72.05466400751014,0.5508909885806411,0.21860107150011757,8.023,1220,1517,1482,1276
0.4609999999999985,0,0.4609999999999985,0.0,0.0,2.35065762762749,-0.38099128695661694,130.38795608570658,13.93617625606874,0.4816639264130943,0.19113078437005354,8.023,1499,1253,1220,1515
0.47700000000000387,0,0.47700000000000387,0.0,0.0,1.7697109785735894,0.5830832176036451,12.905711592404439,63.50654565745579,0.4116759918441785,0.1633586615756131,8.023,1499,1253,1220,1515
0.5,0,0.5,0.0,0.0,-1.4114729994134154,0.3949816221304922,-143.64648707610354,-7.141205675850689,0.37036279223656304,0.1469650202886057,8.023,1499,1253,1220,1515
0.5189999999999912,0,0.5189999999999912,0.0,0.0,-0.8751823939573228,-0.7266925872973646,-6.061961935568275,-63.82959311462988,0.31669124577988217,0.12566743657966134,8.018,1322,1452,1514,1220
0.5379999999999967,0,0.5379999999999967,0.0,0.0,1.865570976027426,-0.6841050771618657,142.79287735439203,-8.739521594939271,0.27920073763207887,0.1107906575773521,8.018,1322,1452,1514,1220
0.5619999999999976,0,0.5619999999999976,0.0,0.0,1.0407325724209449,0.6103315636063233,-33.88107141557821,59.304292261172954,0.24543740501741335,0.09739290134493492,8.018,1381,1407,1220,1518
0.5769999999999982,0,0.5769999999999982,0.0,0.0,-1.1967876673603384,0.4152718196379258,-147.15668521511319,10.756501216279778,0.20875443333683183,0.08283659428487415,8.018,1381,1407,1220,1518
0.5990000000000038,0,0.5990000000000038,0.0,0.0,-1.3746701258963885,-0.9025932771179063,-28.490132877281376,-64.61580252961171,0.18791495254995436,0.07456719621133244,8.018,1381,1407,1220,1518
0.6170000000000044,0,0.6170000000000044,0.0,0.0,1.0781421588353393,-0.9935696893151836,130.7360498465671,-21.71922633416975,0.1628790809102577,0.06463260602226956,8.014,1518,1220,1357,1422
0.6370000000000005,0,0.6370000000000005,0.0,0.0,1.4098423984707806,0.3482058986928797,36.192619166574794,64.69248506342345,0.14430302076065935,0.057261371154477915,8.014,1518,1220,1357,1422
0.6569999999999965,0,0.6569999999999965,0.0,0.0,-1.5828160854277074,0.6356541697890283,-147.79668760072173,25.733458282980475,0.12597780998050023,0.049989690962913835,8.014,1220,1514,1470,1290
0.6799999999999926,0,0.6799999999999926,0.0,0.0,-2.277198302773768,-0.7008747923998339,-40.039040197667475,-61.61228831380113,0.10993753760154842,0.04362468503313589,8.014,1220,1514,1470,1290
0.6989999999999981,0,0.6989999999999981,0.0,0.0,0.12549167927045252,-0.8611651382331642,125.53798902024226,-24.590818861256118,0.09410246438238788,0.03734111443497581,8.014,1220,1514,1470,1290
0.7189999999999941,0,0.7189999999999941,0.0,0.0,0.575077382122744,0.38520073787818104,41.93836895678087,59.532297636046316,0.0830211961554496,0.03294392002262226,8.012,1504,1249,1220,1518
0.7459999999999951,0,0.7459999999999951,0.0,0.0,-3.0326639690843105,0.3595806182601839,-147.86844556814188,-7.348500636500107,0.07244605561817985,0.02874756252033617,8.012,1504,1249,1220,1518
0.7579999999999956,0,0.7579999999999956,0.0,0.0,-3.114467864113084,-0.31485504547105947,-79.42322234828164,-49.23800385863777,0.06045709927325052,0.023990185686023537,8.012,1346,1435,1517,1220
0.7809999999999917,0,0.7809999999999917,0.0,0.0,0.16157364766492582,-0.6453350024421693,147.01542324269897,-15.955156269062414,0.055794427947659,0.022139978153316996,8.012,1346,1435,1517,1220
0.796999999999997,0,0.796999999999997,0.0,0.0,1.0671744758538855,0.2675381629438557,105.58250535997198,48.98042376465824,0.04768841413556208,0.01892340094880399,8.012,1346,1435,1517,1220
0.8199999999999932,0,0.8199999999999932,0.0,0.0,-1.5889100015495339,0.9634907101492111,-119.95760152493678,35.20365900117572,0.04291063678017866,0.017027516526022992,8.01,1220,1516,1245,1497
0.8370000000000033,0,0.8370000000000033,0.0,0.0,-2.7561480294045757,0.09715860718010497,-101.95252619348783,-40.354577861849144,0.036763429841580826,0.014588220185142727,8.01,1220,1516,1245,1497
0.8629999999999995,0,0.8629999999999995,0.0,0.0,0.6153710159141763,-0.42153803795373646,145.50790487022877,-16.018185254723292,0.03279100449350397,0.013011911409034297,8.01,1220,1516,1245,1497
0.8789999999999907,0,0.8789999999999907,0.0,0.0,1.5014179463243151,0.6116949333976814,96.60227509207677,54.69383260914431,0.02747990709132424,0.010904397843688683,8.01,1492,1260,1220,1513
0.8979999999999961,0,0.8979999999999961,0.0,0.0,-0.4321670396018928,1.3589542875030123,-85.6050421509526,54.0963037548895,0.024650409513680555,0.009781615462748418,8.01,1492,1260,1220,1513
0.9189999999999969,0,0.9189999999999969,0.0,0.0,-1.9955742353685098,0.41676619032313056,-92.86810138980407,-40.92032926099047,0.02172887780501359,0.008622310079294431,8.01,1220,1518,1483,1277
0.9369999999999976,0,0.9369999999999976,0.0,0.0,0.25184084076643254,-0.3554341064646044,99.02619994548756,-51.0248496474048,0.018868697736957735,0.007487351418735164,8.01,1220,1518,1483,1277
0.9590000000000032,0,0.9590000000000032,0.0,0.0,2.317748068659076,0.5776613280631243,116.73380687820412,40.336354917143545,0.016698685272663858,0.006626261499294257,8.01,1476,1283,1220,1511
0.9779999999999944,0,0.9779999999999944,0.0,0.0,0.3285528030885349,1.382970726728658,-84.84398149249475,49.35265882914018,0.014415117578365217,0.005720110423995447,8.01,1476,1283,1220,1511
0.9989999999999952,0,0.9989999999999952,0.0,0.0,-1.5724305693512914,0.3529044551920402,-108.59993267112188,-44.79915612460027,0.012629630090108514,0.00501160502963224,8.01,1476,1283,1220,1511
1.0180000000000007,0,1.0180000000000007,0.0,0.0,0.22053989806926239,-0.5231333665979738,72.31606900742487,-59.508473936221314,0.010998533058294534,0.004364363313849206,8.011,1417,1367,1516,1220
1.036999999999992,0,1.036999999999992,0.0,0.0,2.370879683325782,0.1882080103540302,131.48741163640352,26.246113499061416,0.009687147576575328,0.003843989110222186,8.011,1417,1367,1516,1220
1.0579999999999927,0,1.0579999999999927,0.0,0.0,0.6461566528549807,1.2769547715875416,-71.10168186356411,56.390642844272236,0.008522098397565651,0.003381682145022686,8.011,1220,1520,1388,1394
1.0769999999999982,0,1.0769999999999982,0.0,0.0,-1.6019166027199423,0.4899540685181972,-141.6627132731867,-28.597602488776943,0.007381064103646778,0.0029289048862033073,8.011,1220,1520,1388,1394
1.1039999999999992,0,1.1039999999999992,0.0,0.0,0.5857579303547926,-0.9478570474692866,103.65867329721117,-51.293129232719146,0.00650664314237978,0.0025819230221097284,8.011,1220,1520,1388,1394
1.117999999999995,0,1.117999999999995,0.0,0.0,1.8908599648728097,-0.43199967328680106,129.5637844793178,13.358717058916366,0.005417255067070855,0.0021496390405311987,8.012,1508,1232,1220,1513
1.1389999999999958,0,1.1389999999999958,0.0,0.0,0.29863243905778003,0.6662331935074398,-64.11964392792365,56.48007734126438,0.00493807752628379,0.0019594951451250395,8.012,1508,1232,1220,1513
1.1580000000000013,0,1.1580000000000013,0.0,0.0,-1.914019642244442,-0.032713404473187636,-138.66755237873105,-23.22185087609963,0.004268499707867693,0.0016937970761647407,8.012,1277,1482,1513,1220
1.1769999999999925,0,1.1769999999999925,0.0,0.0,-0.8680629889646423,-1.3940204787018577,30.548584553488556,-73.61361370443053,0.0037736845190120033,0.0014974478972017186,8.012,1277,1482,1513,1220
1.1979999999999933,0,1.1979999999999933,0.0,0.0,1.9457136409840052,-1.0450587502082074,139.91078341145678,11.100875939137236,0.003318834524563151,0.0013169573135888217,8.012,1277,1482,1513,1220
1.2180000000000035,0,1.2180000000000035,0.0,0.0,1.1209232621451257,-0.005794920255339927,-11.329393578198353,61.24522028742631,0.002907983471494343,0.0011539258382515247,8.014,1440,1341,1220,1517
1.2369999999999948,0,1.2369999999999948,0.0,0.0,-1.4648136819017474,-0.21432852137001013,-142.48301899250524,2.22797227565184,0.0025820007705399167,0.0010245716269744706,8.014,1440,1341,1220,1517
1.2609999999999957,0,1.2609999999999957,0.0,0.0,-0.41985917211966206,-1.5398048901202561,48.06770217077486,-58.42795850009281,0.002349224263404879,0.0009322028441960524,8.014,1437,1340,1513,1220
1.277000000000001,0,1.277000000000001,0.0,0.0,1.7111800993679882,-1.211966588851928,145.7795141727635,-2.2270365397355483,0.0020410638788751234,0.0008099208740047116,8.014,1437,1340,1513,1220
1.2989999999999924,0,1.2989999999999924,0.0,0.0,1.3775583354199519,0.21628710479493773,-1.9797666163081615,69.08246620904407,0.0020410638788751234,0.0008099208740047116,8.014,1437,1340,1513,1220
1.3179999999999978,0,1.3179999999999978,0.0,0.0,-1.3075220025574643,0.04544550407611287,-141.31209234233327,2.8619461655441922,0.0019945819903090067,0.0007914763095874941,8.016,1220,1515,1409,1366
1.3389999999999986,0,1.3389999999999986,0.0,0.0,-1.0238315894848655,-1.1976053690700357,-9.342646081671615,-64.80597548667237,0.0018798684546030135,0.0007459563754592319,8.016,1220,1515,1409,1366
1.358000000000004,0,1.358000000000004,0.0,0.0,1.5899491507987278,-1.054437026825458,135.91411187900215,-4.2289479099933605,0.0018798684546030135,0.0007459563754592319,8.016,1474,1292,1220,1515
1.3789999999999907,0,1.3789999999999907,0.0,0.0,1.0514201109247223,0.29642367327407426,-6.418973362163902,67.38490465310744,0.0018103132081824487,0.0007183559954035836,8.016,1474,1292,1220,1515
1.3979999999999961,0,1.3979999999999961,0.0,0.0,-1.6665637028838782,0.36468338321999166,-150.71047362140584,19.799490677363654,0.0018103132081824487,0.0007183559954035836,8.016,1474,1292,1220,1515
1.4179999999999922,0,1.4179999999999922,0.0,0.0,-1.9356975954530047,-0.7542307360920925,-32.729614219635366,-54.89248524605954,0.0018103132081824487,0.0007183559954035836,8.019,1264,1489,1513,1220
1.4369999999999976,0,1.4369999999999976,0.0,0.0,0.7220004074201246,-0.7977402150438373,137.24670910682832,-15.199911516682839,0.0018103132081824487,0.0007183559954035836,8.019,1264,1489,1513,1220
1.4590000000000032,0,1.4590000000000032,0.0,0.0,1.066424222262242,0.47697927041611177,36.809484286369916,61.625443258142575,0.0017435487760562353,0.0006918630614862495,8.019,1405,1373,1220,1511
1.480000000000004,0,1.480000000000004,0.0,0.0,-1.8777419462415654,0.5796083588634011,-140.45881046970192,10.861220822860767,0.0017435487760562353,0.0006918630614862495,8.019,1405,1373,1220,1511
1.4969999999999999,0,1.4969999999999999,0.0,0.0,-2.187787711443716,-0.3809071902524611,-63.63093023243089,-53.319800038718256,0.0016792003816091484,0.0006663286427330481,8.019,1405,1373,1220,1511
1.5180000000000007,0,1.5180000000000007,0.0,0.0,0.7670191980958836,-0.7053174569289569,137.8019761655937,-21.307292502684405,0.0016792003816091484,0.0006663286427330481,8.021,1519,1220,1428,1351
1.5429999999999922,0,1.5429999999999922,0.0,0.0,0.8701530802115192,0.7012257467292962,2.1599438049619244,62.03902487276519,0.0016792003816091484,0.0006663286427330481,8.021,1519,1220,1428,1351
1.5570000000000022,0,1.5570000000000022,0.0,0.0,-1.2192252656706533,0.6838213041461929,-128.10545712925006,26.02156590745537,0.0016061550019041996,0.0006373433296820123,8.021,1220,1515,1452,1316
1.578000000000003,0,1.578000000000003,0.0,0.0,-2.4517192410211144,-0.7266228446626365,-85.13625211726877,-67.36892884063879,0.0015464275322529504,0.0006136426691448506,8.021,1220,1515,1452,1316
1.6020000000000039,0,1.6020000000000039,0.0,0.0,0.5622128809035836,-1.2174133445498958,131.4296555567819,-15.837369656825544,0.0015464275322529504,0.0006136426691448506,8.021,1220,1515,1452,1316
1.6209999999999951,0,1.6209999999999951,0.0,0.0,0.7820589011222814,-0.07464627032520989,45.6641278659961,60.67752228437153,0.0015464275322529504,0.0006136426691448506,8.023,1468,1290,1220,1509
1.6370000000000005,0,1.6370000000000005,0.0,0.0,-1.1245802948371386,0.3500215550733395,-98.75613426570526,47.73236720328391,0.0015464275322529504,0.0006136426691448506,8.023,1468,1290,1220,1509
1.6589999999999918,0,1.6589999999999918,0.0,0.0,-2.395091850159831,-0.695909511677499,-73.2962011533217,-46.80389177807989,0.0015464275322529504,0.0006136426691448506,8.023,1348,1435,1518,1220
1.6779999999999973,0,1.6779999999999973,0.0,0.0,0.32091593122494666,-1.223881960580721,126.72110072789353,-36.6116000457363,0.0014898798274878263,0.0005912038572920141,8.023,1348,1435,1518,1220
1.7009999999999934,0,1.7009999999999934,0.0,0.0,1.886798990524414,0.07758814752656809,79.74797735274824,58.62811036353086,0.0014296192704097489,0.0005672915772005659,8.023,1348,1435,1518,1220
1.7169999999999987,0,1.7169999999999987,0.0,0.0,0.20275545951251112,0.6487718682551551,-76.19713958817702,54.61888494338176,0.0014296192704097489,0.0005672915772005659,8.026,1220,1516,1256,1491
1.7399999999999949,0,1.7399999999999949,0.0,0.0,-1.2753853221823195,-0.40965777766614553,-70.432610192848,-46.98890794231719,0.0014296192704097489,0.0005672915772005659,8.026,1220,1516,1256,1491
1.7579999999999956,0,1.7579999999999956,0.0,0.0,1.1169071109131583,-0.9548642879491908,112.47423453440655,-43.50763565444256,0.0014296192704097489,0.0005672915772005659,8.026,1512,1220,1370,1402
1.7779999999999916,0,1.7779999999999916,0.0,0.0,2.9561786569848616,0.0916093052630944,113.69689986754136,46.49802907685754,0.0013769235522126738,0.0005463812098556764,8.026,1512,1220,1370,1402
1.801000000000002,0,1.801000000000002,0.0,0.0,0.4492379234935761,1.0281940526520938,-112.2353145172395,46.09772876507602,0.0013219841769042092,0.0005245805917190046,8.026,1512,1220,1370,1402
1.816999999999993,0,1.816999999999993,0.0,0.0,-0.9322846430484806,0.4235113222936355,-124.68224827950971,-21.96289674790454,0.0013219841769042092,0.0005245805917190046,8.027,1220,1518,1502,1246
1.8400000000000034,0,1.8400000000000034,0.0,0.0,1.4804680485925934,-0.5154579415181719,106.85438220607674,-43.504056635317475,0.0013219841769042092,0.0005245805917190046,8.027,1220,1518,1502,1246
1.858000000000004,0,1.858000000000004,0.0,0.0,3.2963918736470776,0.26215968245716154,119.6591495789639,33.090060377609866,0.0013219841769042092,0.0005245805917190046,8.027,1220,1518,1502,1246
1.8799999999999955,0,1.8799999999999955,0.0,0.0,1.140515873222719,0.9908872392403669,-92.83298738728104,42.4031257637598,0.0012692370780421436,0.0005036499013930337,8.027,1400,1385,1220,1516
1.8969999999999914,0,1.8969999999999914,0.0,0.0,-0.7626222638176878,0.2115950583198299,-141.42162125586358,-30.33781174589113,0.001222673063788375,0.0004851726638754623,8.027,1400,1385,1220,1516
1.918999999999997,0,1.918999999999997,0.0,0.0,0.6016942557923134,-1.0879874496370896,54.172924816998695,-65.60745720463835,0.001222673063788375,0.0004851726638754623,8.029,1433,1339,1509,1220
1.938999999999993,0,1.938999999999993,0.0,0.0,2.7225748748696126,-0.3558266822593214,116.41229621359328,28.902870963541492,0.001222673063788375,0.0004851726638754623,8.029,1433,1339,1509,1220
1.9639999999999986,0,1.9639999999999986,0.0,0.0,0.16067941315196982,0.6677633159640813,-113.68668190454302,44.32262065639765,0.001222673063788375,0.0004851726638754623,8.029,1220,1520,1370,1411
1.9779999999999944,0,1.9779999999999944,0.0,0.0,-1.3278021148637014,0.10662177424419812,-142.4310958944348,-17.057360970900294,0.0011718750951426422,0.0004650152369245357,8.029,1220,1520,1370,1411
1.9989999999999952,0,1.9989999999999952,0.0,0.0,-0.06302704465985376,-1.1778559838066496,48.84465667943132,-64.27410182581431,0.0011718750951426422,0.0004650152369245357,8.029,1220,1520,1370,1411
2.019999999999996,1,0.01999999999999602,5.0,0.0,2.233673776061508,-0.6205815431163969,124.17150039375449,20.08131623534943,0.0011289453510083122,0.00044798020152083507,8.03,1514,1220,1319,1448
2.0390000000000015,1,0.03900000000000148,5.0,0.0,0.8543140316088182,0.3377687826717184,-43.01312312834447,59.173111647973684,0.0011289453510083122,0.00044798020152083507,8.03,1514,1220,1319,1448
2.0589999999999975,1,0.0589999999999975,5.0,0.0,-1.9412731642498506,-0.1729412435583691,-146.52183279213884,-17.44182207399656,17.596729056825154,0.00040726584471010826,8.03,1220,1510,1508,1220
2.081000000000003,1,0.08100000000000307,5.0,0.0,-0.6190505668861092,-1.336844538272858,46.667106994666625,-60.75857613925207,28.986503214833714,0.0003541086645669651,8.03,1220,1510,1508,1220
2.111000000000004,1,0.1110000000000042,5.0,0.0,2.4299277359176,-0.030219781781484652,78.33049453391715,59.26316086199114,25.101816048916035,0.0003062276429738081,8.03,1220,1510,1508,1220
2.1170000000000044,1,0.11700000000000443,5.0,0.0,2.004544621626264,0.25276678496621885,23.71347423217881,66.13967237495491,20.475718678782645,0.00024930279057899975,8.03,1220,1518,1304,1463
2.1370000000000005,1,0.13700000000000045,5.0,0.0,-0.36624712301395435,0.23780952445753717,-124.51046902188388,10.124569552949259,19.676516536452162,0.00023948079804276122,8.03,1220,1518,1304,1463
2.1569999999999965,1,0.15699999999999648,5.0,0.0,0.06822590584561111,-0.8178720375398912,-7.129634908509865,-55.7051309082239,17.107424549969195,0.00020792599577788216,8.03,1422,1355,1512,1220
2.179000000000002,1,0.17900000000000205,5.0,0.0,3.389169107907711,-0.6958122348426792,158.7277906503018,-0.4239971461787791,15.044758647044121,0.00018262889993901437,8.03,1422,1355,1512,1220
2.1970000000000027,1,0.19700000000000273,5.0,0.0,3.58463738256584,0.4727605080257182,46.99686852779484,63.70384250182077,12.968428950684435,0.00015719505388706213,8.03,1422,1355,1512,1220
2.218999999999994,1,0.2189999999999941,5.0,0.0,0.7056554979320196,0.5196346555564877,-134.62748182429016,5.654442967607695,11.491773641752589,0.0001391315844477774,8.031,1220,1511,1435,1332
2.239999999999995,1,0.23999999999999488,5.0,0.0,1.2134434038165318,-0.7080038557068875,5.3601604252362876,-61.56143755543039,9.899513112250046,0.00011968021173125485,8.031,1220,1511,1435,1332
2.2579999999999956,1,0.25799999999999557,5.0,0.0,3.920250680265464,-0.6426546334406154,149.61308078783821,-12.505005738140948,8.579213640024488,0.00010357680913818604,8.031,1519,1220,1297,1470
2.280000000000001,1,0.28000000000000114,5.0,0.0,4.122895135863749,0.6703967274150915,29.78368874381175,64.42791768592299,7.589508130232239,9.151910629726277e-05,8.031,1519,1220,1297,1470
2.298000000000002,1,0.2980000000000018,5.0,0.0,1.7130087757965533,0.8261621262841413,-128.7592838177387,24.55701283995914,6.569959389522088,7.911120331791616e-05,8.031,1519,1220,1297,1470
2.317999999999998,1,0.31799999999999784,5.0,0.0,1.3652428640161842,-0.3668243807205262,-36.5548411737335,-57.30999996693429,5.819415087951952,6.999144142957685e-05,8.031,1249,1494,1508,1220
2.3370000000000033,1,0.3370000000000033,5.0,0.0,4.078463047765524,-0.6356612667824628,137.06389226350376,-27.02285114921173,5.080111570208363,6.1023079236518214e-05,8.031,1249,1494,1508,1220
2.3589999999999947,1,0.35899999999999466,5.0,0.0,4.805354404239907,0.5600840496775081,55.038009256515835,56.804292760786545,4.472593564292409,5.365915126207847e-05,8.031,1396,1390,1220,1517
2.3769999999999953,1,0.37699999999999534,5.0,0.0,2.39839808860494,0.9285680596446416,-121.07075843510879,34.964988285913385,3.8592097065398834,4.62344269594581e-05,8.031,1396,1390,1220,1517
2.399000000000001,1,0.3990000000000009,5.0,0.0,1.4748828748422271,-0.2404547553374626,-57.75654407449138,-53.84343649143728,3.4178887727071454,4.089659272153296e-05,8.031,1396,1390,1220,1517
2.418999999999997,1,0.41899999999999693,5.0,0.0,4.3207260156444685,-0.5214419342830436,135.510352076406,-22.178828055872618,2.9476392129750533,3.521894781788476e-05,8.031,1517,1220,1476,1282
2.4380000000000024,1,0.4380000000000024,5.0,0.0,5.128756604364017,0.5664498393448129,78.50780624477068,54.74551323549921,2.5719004748923084,3.069116676178219e-05,8.031,1517,1220,1476,1282
2.4569999999999936,1,0.45699999999999363,5.0,0.0,2.5793887101001696,1.0786070385857234,-119.80780181606006,36.430996183702824,2.2679391275801697,2.7028687106985332e-05,8.031,1220,1512,1448,1318
2.4779999999999944,1,0.47799999999999443,5.0,0.0,1.3088037302438995,-0.14969130630407215,-80.08411145237207,-56.80944613851532,1.9862213585172352,2.3637288010577983e-05,8.031,1220,1512,1448,1318
2.5009999999999906,1,0.5009999999999906,5.0,0.0,4.109245002807479,-0.6675254866427475,127.54359210774646,-27.40570374275845,1.7314540218152903,2.0580306173375935e-05,8.031,1220,1512,1448,1318
2.516999999999996,1,0.5169999999999959,5.0,0.0,4.97858721149847,0.22384493589518165,98.86946759460328,44.73013364794271,1.4805025197035608,1.756821890872468e-05,8.031,1501,1255,1220,1519
2.536999999999992,1,0.5369999999999919,5.0,0.0,2.614454047525369,1.01919912040201,-105.78162586484535,46.505764266092584,1.331583371621244,1.5782631694557606e-05,8.031,1501,1255,1220,1519
2.5589999999999975,1,0.5589999999999975,5.0,0.0,1.1876193123383598,-0.1635148087713846,-73.95133240794182,-52.99980567610316,1.1589426563863554,1.3719471315785347e-05,8.031,1338,1432,1508,1220
2.581000000000003,1,0.5810000000000031,5.0,0.0,3.9670998015562278,-0.6255550947709297,128.4080345094816,-28.000797634574152,1.0010867393836058,1.1837062521116035e-05,8.031,1338,1432,1508,1220
2.605000000000004,1,0.605000000000004,5.0,0.0,4.434136184170653,0.7611772519214071,30.06478176400904,63.88215142029313,0.8631754550049693,1.019111763657193e-05,8.031,1338,1432,1508,1220
2.6189999999999998,1,0.6189999999999998,5.0,0.0,2.689294991582137,1.0494058454498032,-99.66602474617768,46.724661583707736,0.7356262612883298,8.672987692901241e-06,8.03,1220,1518,1374,1405
2.6400000000000006,1,0.6400000000000006,5.0,0.0,1.3374344958624178,-0.038850242731058145,-77.29669076152236,-48.88272815386497,0.6699171200693097,7.891075651789259e-06,8.03,1220,1518,1374,1405
2.658999999999992,1,0.6589999999999918,5.0,0.0,3.551745539400586,-0.6567945657655698,102.42821471823336,-47.10795472445593,0.5813202817458414,6.839345910607372e-06,8.03,1516,1220,1292,1471
2.6779999999999973,1,0.6779999999999973,5.0,0.0,5.286704728920562,0.3318857753209425,107.96385081409693,43.20201542493576,0.5116416800411331,6.0114462039116715e-06,8.03,1516,1220,1292,1471
2.698999999999998,1,0.6989999999999981,5.0,0.0,2.990535789170495,1.2360155781978373,-101.66676473899284,51.34017899081678,0.44982051728543704,5.2760710211213646e-06,8.03,1516,1220,1292,1471
2.7180000000000035,1,0.7180000000000035,5.0,0.0,1.23873708841697,0.49157682541545705,-122.37477815144761,-29.874885429609762,0.3899554033141562,4.570296471973878e-06,8.03,1220,1511,1484,1265
2.7379999999999995,1,0.7379999999999995,5.0,0.0,3.2008793620672655,-0.48392439886325117,82.41967414849043,-53.57246239649537,0.3438772396259577,4.02539794083606e-06,8.03,1220,1511,1484,1265
2.7579999999999956,1,0.7579999999999956,5.0,0.0,5.254290358666974,0.21576271435336736,122.1595179095655,27.705624179402882,0.2995094246750391,3.4994036089473626e-06,8.03,1444,1342,1220,1523
2.777000000000001,1,0.777000000000001,5.0,0.0,3.421949747055541,1.059967238897347,-71.96667068043287,52.442930107788264,0.2624829158235471,3.063574592723537e-06,8.03,1444,1342,1220,1523
2.796999999999997,1,0.796999999999997,5.0,0.0,0.9707588851997508,0.31834484525011286,-140.05423104440538,-28.929112550332682,0.23026934245938688,2.6835898064857235e-06,8.03,1444,1342,1220,1523
2.817999999999998,1,0.8179999999999978,5.0,0.0,2.3079755620606686,-0.7770213164442796,46.75909939750294,-61.480725210008345,0.2018172156361335,2.3494622067563755e-06,8.029,1369,1403,1508,1220
2.8370000000000033,1,0.8370000000000033,5.0,0.0,4.6487044425124875,-0.3220350417121974,137.0879345293822,12.335677664653515,0.17538398334178748,2.040058254454604e-06,8.029,1369,1403,1508,1220
2.861000000000004,1,0.8610000000000042,5.0,0.0,2.7239509445439585,0.7301722485143688,-86.87213103444917,46.49590147293109,0.15432716380108608,1.797065505234788e-06,8.029,1220,1517,1377,1403
2.8769999999999953,1,0.8769999999999953,5.0,0.0,0.8050477704038105,0.02043354977119786,-140.95660831679078,-25.800470976474763,0.13078192758689183,1.520302593295816e-06,8.029,1220,1517,1377,1403
2.8969999999999914,1,0.8969999999999914,5.0,0.0,1.699598873299997,-1.1967046378732402,19.082621342835797,-69.44220544243947,0.11737661412368401,1.3623365029308752e-06,8.029,1220,1517,1377,1403
2.918999999999997,1,0.9189999999999969,5.0,0.0,4.4451870033609096,-0.818694488365496,136.42163591546912,12.504521648483523,0.10296841011082145,1.1885346089179896e-06,8.029,1518,1220,1323,1451
2.941999999999993,1,0.9419999999999931,5.0,0.0,2.630173087569918,0.31600894723439493,-79.74143403152337,52.44858891951562,0.08879357978807646,1.0240400865694393e-06,8.029,1518,1220,1323,1451
2.9579999999999984,1,0.9579999999999984,5.0,0.0,0.6710738766382748,-0.15519350392819342,-141.68283501048157,-11.416911353354665,0.07587292961146186,8.75381266091084e-07,8.029,1220,1511,1502,1233
2.978999999999999,1,0.9789999999999992,5.0,0.0,1.865744292077615,-1.276882734436139,40.251903043150925,-58.501239599697875,0.0680156907656481,7.847965243192579e-07,8.029,1220,1511,1502,1233
2.9979999999999905,1,0.9979999999999905,5.0,0.0,4.43344206619625,-0.9573283854139786,151.54584673803342,2.891101041459803,0.05913194252266888,6.755967338855119e-07,8.029,1220,1511,1502,1233
3.0189999999999912,1,1.0189999999999912,5.0,0.0,3.6554135102928047,0.2816710249558021,-23.37320445301253,60.9152743391905,0.05216832120494956,5.951589284361775e-07,8.028,1470,1305,1220,1521
3.039999999999992,1,1.039999999999992,5.0,0.0,0.8483793442720177,-0.05381335625829127,-145.82223017583277,-9.12245273566145,0.04526076213329857,5.1430128976889e-07,8.028,1470,1305,1220,1521
3.0589999999999975,1,1.0589999999999975,5.0,0.0,1.500545923266375,-1.0215584171517207,-0.023002392922683582,-56.35461018130583,0.03923827284811957,4.469199411757754e-07,8.028,1404,1374,1512,1220
3.076999999999998,1,1.0769999999999982,5.0,0.0,4.18853709576898,-0.8038412281590983,145.2087425845822,-1.7493981027036773,0.03459149305152958,3.9398472283474294e-07,8.028,1404,1374,1512,1220
3.102000000000004,1,1.1020000000000039,5.0,0.0,3.449042546172043,0.6755283339158867,-35.29912797029958,64.69514883719975,0.03055943028024073,3.5077673482043636e-07,8.028,1404,1374,1512,1220
3.1189999999999998,1,1.1189999999999998,5.0,0.0,1.2764235109361615,0.44729863001696846,-137.09435490720202,4.108542773983437,0.025874524154260305,3.021405068534947e-07,8.027,1220,1512,1470,1287
3.137999999999991,1,1.137999999999991,5.0,0.0,1.7401909009807943,-0.6250951775798647,-5.614084233575736,-57.63280153729826,0.023070174546068023,2.6920980701474504e-07,8.027,1220,1512,1470,1287
3.161999999999992,1,1.161999999999992,5.0,0.0,4.920126341731862,-0.34543585677804284,143.76966270759556,11.050475119478065,0.020302820684195543,2.3808841023431137e-07,8.027,1519,1220,1275,1484
3.1769999999999925,1,1.1769999999999925,5.0,0.0,4.642992696819064,0.5339975295248196,39.93151935975314,58.323804945439285,0.0172175862164931,2.0182843297719293e-07,8.027,1519,1220,1275,1484
3.1970000000000027,1,1.1970000000000027,5.0,0.0,1.7119429461209141,0.5455097600100232,-143.1307394918759,9.701096970634824,0.01562844165397447,1.8182392719712892e-07,8.027,1519,1220,1275,1484
3.222999999999999,1,1.222999999999999,5.0,0.0,2.024410226827246,-1.1167977211647322,20.91075562513556,-70.49967582030837,0.013635176175957877,1.5626099500020817e-07,8.027,1297,1463,1508,1220
3.2369999999999948,1,1.2369999999999948,5.0,0.0,3.9171963050459992,-1.0582945896026343,129.39554325968206,-27.202386086640097,0.011431312920611449,1.3347728237282517e-07,8.027,1297,1463,1508,1220
3.259999999999991,1,1.259999999999991,5.0,0.0,4.446347708632989,0.4757221420828592,33.05592309213814,70.51242095329961,0.0104409354909596,1.1819162562924259e-07,8.027,1416,1370,1220,1518
3.2779999999999916,1,1.2779999999999916,5.0,0.0,1.8447043212262138,0.8046546076397116,-133.4971947996798,30.87549448263829,0.008940012259772541,9.957671055061934e-08,8.027,1416,1370,1220,1518
3.301000000000002,1,1.301000000000002,5.0,0.0,1.5540078416124745,-0.38829972277066277,-22.167438715431622,-55.43856228529665,0.00792574250823887,8.929944781949991e-08,8.027,1416,1370,1220,1518
3.316999999999993,1,1.316999999999993,5.0,0.0,3.730921251567296,-0.5597021994142221,122.47721732861946,-31.898591933509085,0.006770301200921166,7.401378471480797e-08,8.026,1517,1220,1393,1385
3.3430000000000035,1,1.3430000000000035,5.0,0.0,4.266483641463989,0.8889713185919621,9.078577307980582,61.234906701779586,0.006095820020382408,6.70657612354011e-08,8.026,1517,1220,1393,1385
3.358000000000004,1,1.358000000000004,5.0,0.0,1.9713601475437568,0.9455323285522492,-134.68730062104115,26.78035382046689,0.005104316176476568,5.2619669149975086e-08,8.026,1517,1220,1393,1385
3.378,1,1.3780000000000001,5.0,0.0,0.847211115119681,-0.24822364195110252,-81.19059526772497,-57.21931896041861,0.004626202934575676,4.428203906635405e-08,8.026,1233,1505,1509,1220
3.4009999999999962,1,1.4009999999999962,5.0,0.0,3.7841595879397834,-0.6970982847581986,134.07486487892277,-24.050194020523975,0.004042791220891529,3.733401558694718e-08,8.026,1233,1505,1509,1220
3.417999999999992,1,1.4179999999999922,5.0,0.0,4.627679839586719,0.26338884970349935,92.9487249427669,49.19944744077304,0.0034554062080753385,3.122555676569689e-08,8.025,1498,1261,1220,1518
3.438999999999993,1,1.438999999999993,5.0,0.0,2.0542444931218617,0.8712250463852409,-117.39563854840002,34.72669323105539,0.0030911295913018796,3.539437657833943e-08,8.025,1498,1261,1220,1518
3.4609999999999985,1,1.4609999999999985,5.0,0.0,1.206631784223325,-0.405475140573159,-54.2767880886125,-58.86405924840895,0.0027154691869511784,3.4004769974125246e-08,8.025,1338,1435,1510,1220
3.4809999999999945,1,1.4809999999999945,5.0,0.0,4.092152027522699,-0.9341295411763245,139.03925127336313,-36.77582511414009,0.002373959728450541,3.400476679357057e-08,8.025,1338,1435,1510,1220
3.497,1,1.4969999999999999,5.0,0.0,5.339938369537995,-0.2804501286416623,123.05188212462765,28.410117211154677,0.0022345098939355592,3.400476679357057e-08,8.025,1338,1435,1510,1220
3.516999999999996,1,1.516999999999996,5.0,0.0,3.1293055963112906,0.4590237169443532,-95.79011095824889,42.49849569514069,0.0022345098939355592,3.400476679357057e-08,8.024,1342,1440,1220,1515
3.540999999999997,1,1.5409999999999968,5.0,0.0,1.3064464612065987,-0.6601243897076569,-85.1172505309978,-49.42669466464854,0.002140594792847884,3.122555994625157e-08,8.024,1342,1440,1220,1515
3.557000000000002,1,1.5570000000000022,5.0,0.0,3.051431621376213,-1.2263670822215478,74.96895546219285,-51.802319835343596,0.002140594792847884,3.122555994625157e-08,8.024,1517,1220,1376,1402
3.5819999999999936,1,1.5819999999999936,5.0,0.0,4.974382376290682,-0.05420479146477779,76.25232751667073,51.813948232405544,0.002140594792847884,3.122555994625157e-08,8.024,1517,1220,1376,1402
3.597999999999999,1,1.597999999999999,5.0,0.0,2.977702077163453,0.5822191453127856,-90.2508616923144,56.47520058619699,0.001929997432399712,2.844634673782321e-08,8.024,1517,1220,1376,1402
3.6189999999999998,1,1.6189999999999998,5.0,0.0,0.4276046066384565,-0.10447812204123227,-139.06480984123732,-27.95396473498267,0.001929997432399712,2.844634673782321e-08,8.023,1220,1512,1508,1223
3.641999999999996,1,1.641999999999996,5.0,0.0,2.6843202659888408,-0.9506315983761927,100.93734834695967,-39.39392541546519,0.001929997432399712,2.844634673782321e-08,8.023,1220,1512,1508,1223
3.6580000000000013,1,1.6580000000000013,5.0,0.0,4.309517675216477,-0.2672210393951261,129.68519792200397,27.357738739312037,0.001929997432399712,2.844634673782321e-08,8.023,1505,1249,1220,1519
3.679000000000002,1,1.679000000000002,5.0,0.0,2.485363899098951,0.6880267796842167,-74.13350038329523,52.352293497502195,0.0018588494895848582,2.5667136709949527e-08,8.023,1505,1249,1220,1519
3.7009999999999934,1,1.7009999999999934,5.0,0.0,0.3115148161626588,-0.18383969083319715,-114.30764855293472,-37.30797881275412,0.0018588494895848582,2.5667136709949527e-08,8.023,1505,1249,1220,1519
3.718999999999994,1,1.718999999999994,5.0,0.0,1.9166027344111762,-1.0338909640284133,58.05005096350517,-58.53728250794803,0.00177916401874832,2.2887925091798508e-08,8.022,1390,1389,1511,1220
3.7390000000000043,1,1.7390000000000043,5.0,0.0,4.580063602674798,-0.4228993800326846,141.57300556862776,23.07629954488666,0.00177916401874832,2.2887925091798508e-08,8.022,1390,1389,1511,1220
3.756999999999991,1,1.7569999999999908,5.0,0.0,3.4958867582643407,0.5289269678397314,-26.332124363732092,58.96059031194874,0.00177916401874832,2.2887925091798508e-08,8.022,1220,1518,1354,1423
3.777000000000001,1,1.777000000000001,5.0,0.0,1.0643064367327149,0.0424495990112028,-134.08970004980006,-14.665377497143055,0.00177916401874832,2.2887925091798508e-08,8.022,1220,1518,1354,1423
3.801000000000002,1,1.801000000000002,5.0,0.0,2.612010760793208,-1.205387942742442,63.86170183391811,-59.66058907922667,0.0017068897658998917,2.2337894277682272e-08,8.022,1220,1518,1354,1423
3.816999999999993,1,1.816999999999993,5.0,0.0,4.836281073914901,-0.8880139715302496,150.20600950968702,0.19675938051445974,0.0016442797679883854,2.0948287673468093e-08,8.021,1518,1220,1314,1456
3.8370000000000033,1,1.8370000000000033,5.0,0.0,4.172280818657526,0.25019946093151385,-13.366164526432618,58.44745185998402,0.0016442797679883854,2.0948287673468093e-08,8.021,1518,1220,1314,1456
3.8569999999999993,1,1.8569999999999993,5.0,0.0,1.4834803754599808,-0.08550386986715007,-143.98512785515277,-6.828793676987953,0.0016442797679883854,2.0948287673468093e-08,8.021,1247,1496,1510,1220
3.8789999999999907,1,1.8789999999999907,5.0,0.0,2.2961919916385156,-1.2286803819160665,20.887128293249194,-59.05971001718397,0.0016442797679883854,2.0948287673468093e-08,8.021,1247,1496,1510,1220
3.899000000000001,1,1.899000000000001,5.0,0.0,5.050870676597892,-0.7034702109235857,142.61391273775936,17.434985054637377,0.0015845156127507738,1.955868106925391e-08,8.021,1247,1496,1510,1220
3.921999999999997,1,1.921999999999997,5.0,0.0,3.598923576988568,0.6530035973328012,-59.16488127002382,64.59555101872262,0.0015845156127507738,1.955868106925391e-08,8.021,1445,1338,1220,1520
3.9380000000000024,1,1.9380000000000024,5.0,0.0,1.3609817864694482,0.45153201328105413,-155.01058313792745,8.903768861457861,0.001524751457513162,1.6779471041380232e-08,8.021,1445,1338,1220,1520
3.959000000000003,1,1.9590000000000032,5.0,0.0,1.5055260916666662,-0.6778870436962154,-12.63337145962852,-56.63326823906401,0.001524751457513162,1.6779471041380232e-08,8.021,1400,1375,1508,1220
3.977000000000004,1,1.9770000000000039,5.0,0.0,4.091940291658428,-0.6174561979625871,141.23335392158137,-11.953273302271073,0.0014678331449494454,1.8169077645594414e-08,8.021,1400,1375,1508,1220
3.9989999999999952,1,1.9989999999999952,5.0,0.0,4.16068529188096,0.697984395081302,17.88195946411218,62.829086514438906,0.0014678331449494454,1.8169077645594414e-08,8.021,1400,1375,1508,1220
4.021999999999991,2,0.02199999999999136,-5.0,0.0,1.0214893682080801,0.4479877854320522,-142.49208948372302,-10.109572165079204,0.0014678331449494454,1.8169077645594414e-08,8.02,1220,1517,1398,1380
4.036999999999992,2,0.03699999999999193,-5.0,0.0,1.2054922098489906,-0.45542410053005067,-45.091553107873935,-59.37381675673451,0.0014137608835004549,1.816907605531707e-08,8.02,1220,1517,1398,1380
4.057999999999993,2,0.057999999999992724,-5.0,0.0,4.161620600910429,-0.6918764450551651,140.4728260178788,-17.010635646788238,-13.09738633730886,7.364663216904355e-06,8.02,1518,1220,1294,1470
4.0789999999999935,2,0.07899999999999352,-5.0,0.0,3.9437196371404513,0.45414311989555595,10.715783043542748,56.10087206873444,-36.29858613645296,6.740358906700243e-06,8.02,1518,1220,1294,1470
4.096999999999994,2,0.0969999999999942,-5.0,0.0,0.5556262306661641,0.6120175531142588,-177.2201043563828,23.323779496631026,-56.54157977964576,6.563393862001111e-06,8.02,1518,1220,1294,1470
4.119,2,0.11899999999999977,-5.0,0.0,-1.3937375594598311,-0.5774164551092088,-113.65964118561894,-56.50226179568858,-50.10954624201515,6.522894459797976e-06,8.019,1291,1468,1509,1220
4.141999999999996,2,0.1419999999999959,-5.0,0.0,0.6270993578535874,-0.7838618042589003,94.8029778684528,-10.24879276470522,-43.26296461799436,6.374217522880155e-06,8.019,1291,1468,1509,1220
4.161000000000001,2,0.16100000000000136,-5.0,0.0,0.023615854300415143,0.39809536129879824,-1.7397342388017556,61.08174653983122,-37.02872994363274,6.1298218691570016e-06,8.019,1438,1343,1220,1517
4.177999999999997,2,0.17799999999999727,-5.0,0.0,-2.9716449800301206,0.7199058872224579,-161.60310904558042,35.616523445935485,-32.55395541456098,5.880086547567983e-06,8.019,1438,1343,1220,1517
4.197000000000003,2,0.19700000000000273,-5.0,0.0,-4.748758176116712,-0.15825596331687145,-129.67601814775946,-40.92311597817183,-29.04852133249743,5.635165720655827e-06,8.019,1438,1343,1220,1517
4.2180000000000035,2,0.21800000000000352,-5.0,0.0,-2.714018995717114,-0.7738303374414143,91.85510237362114,-34.51743672545371,-25.579512649277557,5.340276089698508e-06,8.018,1514,1220,1508,1220
4.236999999999995,2,0.23699999999999477,-5.0,0.0,-1.7788100712085158,0.16223041304230484,81.3839442627497,43.14359340187005,-22.159865743189368,4.999201344322845e-06,8.018,1514,1220,1508,1220
4.257999999999996,2,0.25799999999999557,-5.0,0.0,-4.760992325580673,0.8406812408297373,-133.92628094371833,37.86688294725251,-19.54326466838709,4.6965631697172325e-06,8.018,1220,1512,1425,1345
4.277999999999992,2,0.2779999999999916,-5.0,0.0,-6.577969493871221,-0.23360586318851165,-121.7900046754678,-49.61643048960232,-16.904625988227764,4.351066791778962e-06,8.018,1220,1512,1425,1345
4.298000000000002,2,0.2980000000000018,-5.0,0.0,-4.593399973916071,-1.1032464124080155,85.48010433065473,-53.326261397673086,-14.819688545966569,4.043245687042186e-06,8.018,1220,1512,1425,1345
4.316999999999993,2,0.31699999999999307,-5.0,0.0,-2.8533429019543264,-0.2502705909484172,113.92965905407705,35.64796963687422,-12.95732391686764,3.7374218688676194e-06,8.018,1516,1220,1270,1485
4.337000000000003,2,0.3370000000000033,-5.0,0.0,-4.889178327715711,0.7380445751413375,-86.94617711524127,54.96915753458752,-11.399676224757783,3.458385954442211e-06,8.018,1516,1220,1270,1485
4.356999999999999,2,0.3569999999999993,-5.0,0.0,-6.746423730031714,-0.027336391409947987,-112.97734626866968,-31.29346107870805,-9.922716118634227,3.1711255836104128e-06,8.018,1395,1397,1521,1220
4.378999999999991,2,0.3789999999999907,-5.0,0.0,-4.362107143617814,-0.922040533232225,103.14709212837721,-49.922276115351735,-8.700203610982093,2.915709842249175e-06,8.018,1395,1397,1521,1220
4.397999999999996,2,0.39799999999999613,-5.0,0.0,-2.027071012395789,-0.28471886347078806,144.7003716046582,24.847680077825494,-7.505375567583314,2.6452452428014987e-06,8.018,1395,1397,1521,1220
4.418999999999997,2,0.41899999999999693,-5.0,0.0,-3.7750361627559386,0.5797274069262003,-73.4962983752464,45.390404619913255,-6.604883854295656,2.427899265200007e-06,8.017,1423,1351,1220,1509
4.441999999999993,2,0.44199999999999307,-5.0,0.0,-5.625141882955163,-0.4537816534780742,-93.25636349317345,-45.479791305581216,-5.72551962365814,2.2013786341199284e-06,8.017,1423,1351,1220,1509
4.457999999999998,2,0.4579999999999984,-5.0,0.0,-3.9904756971037734,-1.0913100165031835,63.80524349023879,-55.3551861660983,-4.897336561792469,1.9714301284263556e-06,8.017,1523,1220,1438,1342
4.484999999999999,2,0.48499999999999943,-5.0,0.0,-1.7693560221801603,0.21814813124056787,75.19604559171744,57.540006587234465,-4.411937642481288,1.8294090492349023e-06,8.017,1523,1220,1438,1342
4.497,2,0.4969999999999999,-5.0,0.0,-3.0005006082827204,0.7964752426652097,-43.28526518563446,66.31751001037453,-3.673548943199658,1.6034593913312398e-06,8.017,1523,1220,1438,1342
4.518000000000001,2,0.5180000000000007,-5.0,0.0,-5.733996742191772,0.3463582791615384,-137.40391274076532,-16.48089300495122,-3.390141556090792,1.5122634741718236e-06,8.016,1220,1516,1462,1302
4.540999999999997,2,0.5409999999999968,-5.0,0.0,-3.9145496067426193,-0.5630679885711574,78.87919095070096,-45.28925634849454,-2.9415347314043543,1.36012619553832e-06,8.016,1220,1516,1462,1302
4.557000000000002,2,0.5570000000000022,-5.0,0.0,-2.220855005093275,0.10715392201975749,128.50801481855225,23.53378220039953,-2.5166058246928236,1.2060786503186922e-06,8.016,1455,1311,1220,1510
4.578000000000003,2,0.578000000000003,-5.0,0.0,-3.724682727534135,1.3276471549469069,-56.75249943631034,64.31131952660171,-2.262158653108223,1.112292489426692e-06,8.016,1455,1311,1220,1510
4.602000000000004,2,0.6020000000000039,-5.0,0.0,-6.299420292252938,0.542256188726717,-117.54102595507291,-34.494053572830175,-1.9656373027929324,9.914377217515665e-07,8.016,1455,1311,1220,1510
4.617000000000004,2,0.6170000000000044,-5.0,0.0,-5.23454470866329,-0.24784611391690067,19.915655119672646,-63.13502434774212,-1.6705731306483815,8.746215969665258e-07,8.015,1461,1322,1520,1220
4.640000000000001,2,0.6400000000000006,-5.0,0.0,-2.502772770632844,0.286925361418246,131.16879697200076,21.21618802444019,-1.5110199116368837,8.067322247352504e-07,8.015,1461,1322,1520,1220
4.658000000000001,2,0.6580000000000013,-5.0,0.0,-3.693282213485471,1.3341973063609491,-35.77680408009359,61.29884410260008,-1.2944574515008165,7.167536712412738e-07,8.015,1220,1514,1319,1446
4.6769999999999925,2,0.6769999999999925,-5.0,0.0,-6.037343799365432,0.9583789538856912,-139.68249116863828,-5.2590902741062004,-1.1460146023914022,6.504133054731835e-07,8.015,1220,1514,1319,1446
4.700000000000003,2,0.7000000000000028,-5.0,0.0,-4.700572472182741,-0.38254304723910565,57.4901393761042,-61.69812330110068,-1.008682336627483,5.888209735113316e-07,8.015,1220,1514,1319,1446
4.716999999999999,2,0.7169999999999987,-5.0,0.0,-2.308747800323703,0.0401424091343401,152.3957271764581,6.578496272210958,-0.8607859560125226,5.192816821779376e-07,8.015,1515,1220,1315,1453
4.739000000000004,2,0.7390000000000043,-5.0,0.0,-2.905460233529286,1.2993751877032258,-10.263552803501618,64.56194648800616,-0.7700810438347533,4.741911874587664e-07,8.015,1515,1220,1315,1453
4.759,2,0.7590000000000003,-5.0,0.0,-5.540706657548642,0.9644621978369395,-135.86448372449283,-8.367116629501728,-0.6646229230497565,4.212840852211181e-07,8.015,1220,1520,1509,1235
4.777999999999992,2,0.7779999999999916,-5.0,0.0,-4.8530000963426225,-0.1060524806449202,2.7921920048717905,-61.93701599751105,-0.5784714525317113,3.7648322453345965e-07,8.015,1220,1520,1509,1235
4.796999999999997,2,0.796999999999997,-5.0,0.0,-2.1620532661984004,0.02249719571288734,146.02888437936068,-6.804703599785317,-0.5110802705078699,3.417281076405476e-07,8.015,1220,1520,1509,1235
4.817999999999998,2,0.8179999999999978,-5.0,0.0,-2.471392106821455,1.3439852876066947,-0.29683348462427506,63.68811257616223,-0.4496996549536395,3.1004176801537364e-07,8.014,1451,1316,1220,1510
4.837000000000003,2,0.8370000000000033,-5.0,0.0,-5.062087981649169,1.3578257054643734,-143.53635710592627,16.060937116285693,-0.3890475751239263,2.7557618337622457e-07,8.014,1451,1316,1220,1510
4.858999999999995,2,0.8589999999999947,-5.0,0.0,-4.916190018335819,0.16718519501683343,-7.611705391261133,-57.448379599518745,-0.34333082449235663,2.489272825888649e-07,8.014,1518,1220,1393,1388
4.878,2,0.8780000000000001,-5.0,0.0,-2.06304753974495,0.2790234728787759,148.33799375282356,-4.803320288527712,-0.29615700241175286,2.181095651694174e-07,8.014,1518,1220,1393,1388
4.896999999999991,2,0.8969999999999914,-5.0,0.0,-1.9769182139808548,1.3294422140381508,41.54044555083051,56.71560616950851,-0.26009360359408557,1.9426889061029044e-07,8.014,1518,1220,1393,1388
4.920000000000002,2,0.9200000000000017,-5.0,0.0,-5.146408801387092,1.2949659804288651,-142.9802704244605,-0.41729483629271896,-0.22931220884108594,1.740470257232952e-07,8.013,1220,1514,1389,1386
4.9410000000000025,2,0.9410000000000025,-5.0,0.0,-4.500116238439799,0.041887399070306044,11.970722728053163,-63.46734037161991,-0.19579875176029446,1.5062613349324652e-07,8.013,1220,1514,1389,1386
4.957999999999998,2,0.9579999999999984,-5.0,0.0,-1.942871215072222,0.08204657351761374,149.32282506886938,-15.58961649751438,-0.17029937441217577,1.3680224695904586e-07,8.013,1512,1220,1238,1500
4.977000000000004,2,0.9770000000000039,-5.0,0.0,-1.4740144803222834,1.095738753849702,62.23268122630256,52.71278063661171,-0.15208554107221284,1.2494704743935874e-07,8.013,1512,1220,1238,1500
5.0,2,1.0,-5.0,0.0,-4.787592924190111,1.2646563756566989,-148.58812894060776,8.565770973964256,-0.13368956046090744,1.1212202046398105e-07,8.013,1512,1220,1238,1500
5.018999999999991,2,1.0189999999999912,-5.0,0.0,-5.123209210097498,0.15666436915769982,-54.84246094057837,-59.057517526460394,-0.11420076292261319,9.609801067331544e-08,8.013,1281,1487,1521,1220
5.042999999999992,2,1.0429999999999922,-5.0,0.0,-1.8728099093305817,0.11725708581320879,146.9115770465581,-2.972301531964088,-0.10072251851371695,8.870115367836981e-08,8.013,1281,1487,1521,1220
5.057999999999993,2,1.0579999999999927,-5.0,0.0,-1.540751725093949,1.1013674700560272,72.3146073469425,57.72620437419819,-0.08596930990648942,7.671569136114867e-08,8.013,1402,1372,1220,1508
5.076999999999998,2,1.0769999999999982,-5.0,0.0,-4.127630591392684,1.6042737650355372,-122.57182910900248,35.89646899435221,-0.07759094897134484,6.863855824760354e-08,8.013,1402,1372,1220,1508
5.099999999999994,2,1.0999999999999943,-5.0,0.0,-5.213639634047997,0.3283546475613252,-64.93260036369524,-58.93359057415968,-0.06793761049765576,5.93020717857142e-08,8.013,1402,1372,1220,1508
5.120999999999995,2,1.1209999999999951,-5.0,0.0,-2.395857471677107,0.017461236873372105,132.27459093824748,-21.07988647691071,-0.05846641929530915,5.2325006661510897e-08,8.012,1520,1220,1407,1375
5.1370000000000005,2,1.1370000000000005,-5.0,0.0,-1.6852562230949106,0.9167762716511435,91.33175278884725,47.37482729080125,-0.05063446682365899,4.340829934814516e-08,8.012,1520,1220,1407,1375
5.158000000000001,2,1.1580000000000013,-5.0,0.0,-4.299820514142351,1.6217152934113994,-118.13795716777534,38.91358894698946,-0.04553459335506724,4.172915412905863e-08,8.012,1220,1515,1444,1326
5.179999999999993,2,1.1799999999999926,-5.0,0.0,-5.427957309824657,0.426510068823962,-66.94249280999821,-54.726036951080914,-0.03934188961927344,3.310198225001056e-08,8.012,1220,1515,1444,1326
5.198999999999998,2,1.198999999999998,-5.0,0.0,-2.834099270854639,-0.08847733669341959,124.96310565818062,-39.37330165926633,-0.03405987554944582,3.3362482400641144e-08,8.012,1220,1515,1444,1326
5.216999999999999,2,1.2169999999999987,-5.0,0.0,-1.4406717379501026,0.7770745172146117,107.6573255845251,39.213857723281556,-0.030052832348056103,3.294269689100818e-08,8.012,1513,1220,1229,1505
5.2379999999999995,2,1.2379999999999995,-5.0,0.0,-3.6455251039219188,1.5139908304824277,-96.35320541380308,45.669223187116934,-0.02659220261274076,3.53021214092489e-08,8.012,1513,1220,1229,1505
5.256999999999991,2,1.2569999999999908,-5.0,0.0,-5.503731001589955,0.6216575113540854,-113.97523007621938,-38.70738212085219,-0.023131572877425413,3.362297937071705e-08,8.012,1298,1476,1521,1220
5.278999999999996,2,1.2789999999999964,-5.0,0.0,-3.153204641660577,-0.1622893767847491,102.41036060374296,-45.722997266452445,-0.020217359943237742,3.3753226265477666e-08,8.012,1298,1476,1521,1220
5.299999999999997,2,1.2999999999999972,-5.0,0.0,-1.021965560459277,1.0557365770367588,112.9230872459031,54.18908162948036,-0.017485284275232642,3.47230441795042e-08,8.012,1298,1476,1521,1220
5.319000000000003,2,1.3190000000000026,-5.0,0.0,-2.7144851561279673,1.8909276264342751,-68.69096659600811,58.364301137028285,-0.015117484807119337,3.165429871731285e-08,8.011,1347,1426,1220,1508
5.338999999999999,2,1.3389999999999986,-5.0,0.0,-4.569205736328593,0.9464700921809508,-105.1147740056095,-40.23185985303152,-0.01329610130637038,3.4433511925741216e-08,8.011,1347,1426,1220,1508
5.356999999999999,2,1.3569999999999993,-5.0,0.0,-2.981145132835374,0.016700075989892323,59.22735701036193,-64.65973430635323,-0.01165685590556732,3.2204331121706423e-08,8.011,1514,1220,1346,1426
5.378999999999991,2,1.3789999999999907,-5.0,0.0,-0.7121303038217801,0.7923631486197448,111.41353347706024,32.81989224499001,-0.010381887538419381,3.2754369887209366e-08,8.011,1514,1220,1346,1426
5.397999999999996,2,1.3979999999999961,-5.0,0.0,-2.577031867949692,1.7662722984916053,-75.50366365155647,59.41565849559001,-0.008924780237562218,2.7745979055300897e-08,8.011,1514,1220,1346,1426
5.418999999999997,2,1.418999999999997,-5.0,0.0,-4.887483587027901,1.0694816924111747,-126.40662515812781,-27.51258083534352,-0.007831949970360179,3.191479568738876e-08,8.01,1220,1517,1460,1307
5.438000000000002,2,1.4380000000000024,-5.0,0.0,-3.362226786396361,0.14528530068088502,52.903585386170604,-58.88116887227983,-0.0067391197031581385,3.5244041300210696e-08,8.01,1220,1517,1460,1307
5.456999999999994,2,1.4569999999999936,-5.0,0.0,-0.8789350492977159,0.6622071171568347,139.68590626322327,16.935419896100765,-0.006010566469611221,3.2464831272337016e-08,8.01,1496,1248,1220,1510
5.480000000000004,2,1.480000000000004,-5.0,0.0,-2.6500841562175634,1.7435953233952226,-74.72401121817785,52.54269868099464,-0.005282012819182639,3.3854437876551195e-08,8.01,1496,1248,1220,1510
5.500999999999991,2,1.5009999999999906,-5.0,0.0,-5.1404481806757865,0.8652551408855325,-134.76046560743032,-36.3900491996286,-0.004553459168754059,2.8846047044642727e-08,8.01,1496,1248,1220,1510
5.516999999999996,2,1.516999999999996,-5.0,0.0,-4.25709341201569,-0.09833367319171822,6.451602456489522,-69.83866377281286,-0.004007044035153038,2.8846047044642727e-08,8.01,1383,1409,1522,1220
5.5390000000000015,2,1.5390000000000015,-5.0,0.0,-1.474952777559514,0.27913473025705304,132.91384200304734,14.082836639248193,-0.00346062910999285,2.745644362098323e-08,8.01,1383,1409,1522,1220
5.560999999999993,2,1.5609999999999928,-5.0,0.0,-3.2069667681650396,1.4415087562885465,-72.32190881916523,56.06517750013195,-0.0030963522847785594,2.328762539861803e-08,8.01,1220,1511,1360,1410
5.576999999999998,2,1.5769999999999982,-5.0,0.0,-5.302031673418071,1.1680693899430792,-155.94439294087326,4.6246890705039,-0.0027320756680051005,2.1898023565235868e-08,8.01,1220,1511,1360,1410
5.603999999999999,2,1.6039999999999992,-5.0,0.0,-3.956614180519789,-0.1603404916948344,77.94526503453926,-49.29984097628848,-0.002549937151177539,2.1058450955692604e-08,8.01,1220,1511,1360,1410
5.617999999999995,2,1.617999999999995,-5.0,0.0,-2.3085147201182767,0.18462852432148072,146.08983698751388,-0.8603559742599292,-0.0021856605344040803,2.1058449365415264e-08,8.009,1512,1220,1223,1508
5.6370000000000005,2,1.6370000000000005,-5.0,0.0,-2.363427946941298,1.3467662418159476,28.039504316600617,61.857232557816126,-0.0021856605344040803,2.1058449365415264e-08,8.009,1512,1220,1223,1508
5.6569999999999965,2,1.6569999999999965,-5.0,0.0,-5.238142937695417,1.3924501755229894,-141.79162626358152,10.389407576695566,-0.0021856605344040803,2.1058449365415264e-08,8.009,1220,1518,1503,1245
5.680999999999997,2,1.6809999999999974,-5.0,0.0,-4.574488033877952,0.08576893323377814,26.135018764663865,-59.63319319046575,-0.0021856605344040803,2.1058450955692604e-08,8.009,1220,1518,1503,1245
5.697000000000003,2,1.6970000000000027,-5.0,0.0,-2.231198686261025,0.12943448601012172,150.50709790867953,-18.606178082186972,-0.0021856605344040803,1.9668845941755764e-08,8.009,1220,1518,1503,1245
5.719999999999999,2,1.7199999999999989,-5.0,0.0,-2.1579167328823115,1.3051031550959278,6.749305216087814,53.50122693854672,-0.0021856605344040803,1.9668845941755764e-08,8.008,1478,1278,1220,1510
5.739999999999995,2,1.7399999999999949,-5.0,0.0,-5.112630100846794,0.9994186791222417,-152.68308689521888,-4.8554201177429235,-0.002003522017576519,1.5500029309667903e-08,8.008,1478,1278,1220,1510
5.756999999999991,2,1.7569999999999908,-5.0,0.0,-5.445470768630216,-0.08382451711529303,-67.50676205808965,-63.505452827188584,-0.002003522017576519,1.8279239337541582e-08,8.008,1487,1287,1522,1220
5.778999999999996,2,1.7789999999999964,-5.0,0.0,-2.396852758305225,-0.38615045433793016,142.57581394256903,-20.275746107810303,-0.002003522017576519,1.5500029309667903e-08,8.008,1487,1287,1522,1220
5.796999999999997,2,1.796999999999997,-5.0,0.0,-1.5615346033561228,0.7055463216270051,80.58962058303389,55.986176117097,-0.002003522017576519,1.5500029309667903e-08,8.008,1487,1287,1522,1220
5.817999999999998,2,1.8179999999999978,-5.0,0.0,-4.165234197868189,1.16402570451102,-121.56605643296143,30.611828690108286,-0.002003522017576519,1.5500029309667903e-08,8.008,1220,1512,1328,1437
5.837000000000003,2,1.8370000000000033,-5.0,0.0,-5.092040922480614,-0.01208182674056901,-70.80247859678254,-56.09340325687703,-0.002003522017576519,1.5500029309667903e-08,8.008,1220,1512,1328,1437
5.858999999999995,2,1.8589999999999947,-5.0,0.0,-2.2388965228990405,-0.4781928029325526,132.6418638702974,-28.10068061344913,-0.0018213837091897898,1.5500029309667903e-08,8.008,1513,1220,1233,1503
5.8799999999999955,2,1.8799999999999955,-5.0,0.0,-1.799414404056917,0.7686516666683695,35.146603015944024,58.47111846545812,-0.0018213837091897898,1.5500029309667903e-08,8.008,1513,1220,1233,1503
5.896999999999991,2,1.8969999999999914,-5.0,0.0,-4.072093469477664,1.1232458466280475,-121.66027206237258,39.62683828125721,-0.0018213837091897898,1.5500029309667903e-08,8.008,1513,1220,1233,1503
5.918999999999997,2,1.918999999999997,-5.0,0.0,-5.242784478123264,0.16424647944600898,-76.15542079272659,-44.05044103306723,-0.0018213837091897898,1.5500029309667903e-08,8.007,1273,1492,1520,1220
5.944999999999993,2,1.9449999999999932,-5.0,0.0,-1.7554984221278507,0.17643818035149664,146.88220723312705,5.880236641850446,-0.0018213837091897898,1.5500029309667903e-08,8.007,1273,1492,1520,1220
5.956999999999994,2,1.9569999999999936,-5.0,0.0,-1.4089407067786333,0.9822797067822698,91.1386155296868,53.987003652696366,-0.0016392454008030601,1.5500029309667903e-08,8.007,1442,1327,1220,1510
5.977999999999994,2,1.9779999999999944,-5.0,0.0,-4.079788104464506,1.7287531088853734,-121.71772761367073,43.745753124382134,-0.0016392454008030601,1.6889635913882085e-08,8.007,1442,1327,1220,1510
5.997,2,1.9969999999999999,-5.0,0.0,-5.716094389490346,0.9091482310087087,-119.52977213570553,-36.00569054936989,-0.0016392454008030601,1.6889635913882085e-08,8.007,1442,1327,1220,1510
6.018000000000001,3,0.018000000000000682,0.0,0.0,-3.4617332510933383,0.10928421399918084,98.53797802361505,-45.781897402760045,-0.0016392454008030601,1.6889635913882085e-08,8.006,1450,1331,1518,1220
6.037999999999997,3,0.0379999999999967,0.0,0.0,-1.6270686676168085,0.9935962630199232,106.62523618961197,38.95367191213368,-0.0016392454008030601,1.6889635913882085e-08,8.006,1450,1331,1518,1220
6.057000000000002,3,0.05700000000000216,0.0,0.0,-3.485739445035229,1.6004760731353043,-80.13367813517885,42.28744967997646,19.38035953404041,0.0,8.006,1220,1516,1468,1296
6.0789999999999935,3,0.07899999999999352,0.0,0.0,-4.738972222583376,0.47360915903009226,-72.88281078399585,-50.11893775212391,29.08700944847045,0.0,8.006,1220,1516,1468,1296
6.100999999999999,3,0.10099999999999909,0.0,0.0,-1.430633280860888,-0.25360078841647443,150.26394317422708,-39.760897819191634,25.07330513177311,0.0,8.006,1220,1516,1468,1296
6.1200000000000045,3,0.12000000000000455,0.0,0.0,0.41908592000042255,0.6217615650172224,124.83911040398822,40.29047312139399,21.62299409140615,0.0,8.006,1479,1276,1220,1510
6.138999999999996,3,0.1389999999999958,0.0,0.0,-1.1571151538965538,1.216982615745362,-62.91904693599714,44.28047497412409,19.010926554665467,0.0,8.006,1479,1276,1220,1510
6.158999999999992,3,0.15899999999999181,0.0,0.0,-2.5975706736707433,0.18890923866208045,-86.9099088107485,-44.95869909832802,16.758900487190957,0.0,8.006,1288,1482,1520,1220
6.177999999999997,3,0.17799999999999727,0.0,0.0,0.027471457733774327,-0.6399691417971839,116.35870654936537,-50.98663132390399,14.588710331256955,0.0,8.006,1288,1482,1520,1220
6.197999999999993,3,0.1979999999999933,0.0,0.0,2.4012328305539072,0.1919270750375286,154.56182604907926,33.86693633909087,12.848288484504849,0.0,8.006,1288,1482,1520,1220
6.218999999999994,3,0.2189999999999941,0.0,0.0,1.2069768154981164,1.2980171539971568,-44.12520086862761,60.27668580274016,11.257162620178175,0.0,8.005,1414,1360,1220,1510
6.236999999999995,3,0.23699999999999477,0.0,0.0,-0.6811543287187145,0.6456845160286036,-120.38257589509497,-21.2887758598445,9.774069004179946,0.0,8.005,1414,1360,1220,1510
6.259,3,0.25900000000000034,0.0,0.0,1.1315128301229957,-0.6454089605842759,76.50216217613146,-62.25401873726968,8.661156273270777,0.0,8.005,1512,1220,1334,1435
6.277999999999992,3,0.2779999999999916,0.0,0.0,3.4092987426087964,-0.014852328058998715,137.42810527080553,21.705367880343797,7.460020550173491,0.0,8.005,1512,1220,1334,1435
6.298999999999992,3,0.2989999999999924,0.0,0.0,1.9430315110743057,1.1184984382680654,-56.15178088371313,60.758022893929294,6.542878543236634,0.0,8.005,1512,1220,1334,1435
6.319000000000003,3,0.3190000000000026,0.0,0.0,-0.2028443186727874,0.5295518767879346,-129.4903326249835,-18.885730894726425,5.698263326888381,0.0,8.005,1220,1518,1456,1317
6.337000000000003,3,0.3370000000000033,0.0,0.0,1.0577595936915518,-0.5851081018882894,39.24859606540024,-64.16631461052233,4.9834255467517785,0.0,8.005,1220,1518,1456,1317
6.364000000000004,3,0.3640000000000043,0.0,0.0,3.703031454752018,0.2109214575933638,101.70926217600865,37.7373757303999,4.398891127392917,0.0,8.005,1472,1293,1220,1515
6.378,3,0.3780000000000001,0.0,0.0,2.4697223390127983,0.8465550434333895,-33.05636363933961,57.71621863763163,3.666080985115895,0.0,8.005,1472,1293,1220,1515
6.396999999999991,3,0.39699999999999136,0.0,0.0,-0.31548947933150373,0.3208588884732065,-150.37892257871508,-15.960879967586884,3.3494748232159473,0.0,8.005,1472,1293,1220,1515
6.420000000000002,3,0.4200000000000017,0.0,0.0,0.7216479056259285,-1.0921367895578722,40.89296752317539,-67.0423501756638,2.941354158278172,0.0,8.004,1343,1432,1513,1220
6.436999999999998,3,0.4369999999999976,0.0,0.0,2.7763869471323814,-0.811793115817727,132.0413809592266,-1.3236076316613732,2.522505400588422,0.0,8.004,1343,1432,1513,1220
6.459000000000003,3,0.4590000000000032,0.0,0.0,1.564491755101621,0.31105938128323646,-43.93011017536453,56.15111835536364,2.238336660830511,0.0,8.004,1270,1491,1220,1517
6.480000000000004,3,0.480000000000004,0.0,0.0,-1.2977980543351875,-0.2905784720875714,-149.34662144793768,-21.499557205178387,1.9340007203310796,0.0,8.004,1270,1491,1220,1517
6.498999999999995,3,0.4989999999999952,0.0,0.0,-0.6247487055620451,-1.41548669604615,2.523996302818189,-66.58416742576101,1.6839603014216065,0.0,8.004,1270,1491,1220,1517
6.516999999999996,3,0.5169999999999959,0.0,0.0,1.88247057158133,-1.2365530287081525,137.3715513044778,-4.104817332678018,1.48285754758504,0.0,8.003,1515,1220,1358,1418
6.537999999999997,3,0.5379999999999967,0.0,0.0,1.537875148236316,0.01695802402029274,7.160400214965718,64.7350439721418,1.3101120316350743,0.0,8.003,1515,1220,1358,1418
6.557999999999993,3,0.5579999999999927,0.0,0.0,-1.371329843227135,-0.1136615381639392,-145.87118897180343,2.573249864140209,1.1405435141445162,0.0,8.003,1220,1513,1481,1271
6.5789999999999935,3,0.5789999999999935,0.0,0.0,-0.8700132747769455,-1.4408665050631537,10.206201412588314,-64.63612917258166,0.9968706983967096,0.0,8.003,1220,1513,1481,1271
6.603999999999999,3,0.6039999999999992,0.0,0.0,2.0170854892726418,-1.0179563461381853,131.57590356729023,18.04724321183732,0.8629877848853527,0.0,8.003,1220,1513,1481,1271
6.617999999999995,3,0.617999999999995,0.0,0.0,1.3879473733126586,-0.20343055434285812,14.192294689565877,58.24717705314091,0.7307072977863042,0.0,8.003,1399,1385,1220,1516
6.640000000000001,3,0.6400000000000006,0.0,0.0,-1.8539116296708025,-0.4582231974292865,-155.7509346628218,-5.687466505357883,0.6630059824854617,0.0,8.003,1399,1385,1220,1516
6.6569999999999965,3,0.6569999999999965,0.0,0.0,-2.090933281135408,-1.5666902222407189,-54.85665407367365,-63.82272194432485,0.57267630382522,0.0,8.003,1490,1267,1513,1220
6.679000000000002,3,0.679000000000002,0.0,0.0,0.5895589839887576,-1.7283804366887845,129.58846878297825,-16.280042754670532,0.5111273347801194,0.0,8.003,1490,1267,1513,1220
6.697999999999993,3,0.6979999999999933,0.0,0.0,0.7747270132133901,-0.48766280685592245,34.508605290856885,61.836366329901736,0.44106720297724256,0.0,8.003,1490,1267,1513,1220
6.716999999999999,3,0.7169999999999987,0.0,0.0,-1.8221843337590355,-0.16221663260204583,-134.6361971456711,32.94175989525596,0.3873680689596172,0.0,8.002,1220,1514,1363,1411
6.739000000000004,3,0.7390000000000043,0.0,0.0,-2.4627066675181375,-1.2913024377127995,-38.44392123399729,-52.0422063242782,0.34166660621240075,0.0,8.002,1220,1514,1363,1411
6.757999999999996,3,0.7579999999999956,0.0,0.0,0.11325987768401749,-1.3239989801564738,132.17533462922887,-14.986252954161085,0.2942972432863789,0.0,8.002,1518,1220,1295,1470
6.778999999999996,3,0.7789999999999964,0.0,0.0,0.3834068527257007,0.021871986609886554,33.181683950231,64.83981907400978,0.2590072299900833,0.0,8.002,1518,1220,1295,1470
6.796999999999997,3,0.796999999999997,0.0,0.0,-2.0747796703049164,0.38213416970383046,-130.4450564671679,38.244647049867574,0.22435906771278377,0.0,8.002,1518,1220,1295,1470
6.819000000000003,3,0.8190000000000026,0.0,0.0,-3.043605932134671,-0.6908063465112946,-60.12667435799917,-49.67627319201539,0.19932327611436648,0.0,8.001,1288,1476,1514,1220
6.841999999999999,3,0.8419999999999987,0.0,0.0,0.12974883479450097,-0.6760686659122582,143.00399850163714,-0.910696549516186,0.1718670762494656,0.0,8.001,1288,1476,1514,1220
6.856999999999999,3,0.8569999999999993,0.0,0.0,0.5430566548809308,0.3135734511867565,82.29145100720177,59.15656892980392,0.1466942273003985,0.0,8.001,1288,1476,1514,1220
6.878999999999991,3,0.8789999999999907,0.0,0.0,-2.2733236645236667,1.0088095489007745,-129.36743020105828,38.672278363612904,0.13305119123756248,0.0,8.001,1270,1486,1220,1510
6.902000000000001,3,0.902000000000001,0.0,0.0,-3.1624787578929845,-0.23023335056411207,-49.734131724474565,-56.77707445694404,0.11468886798421787,0.0,8.001,1270,1486,1220,1510
6.918999999999997,3,0.9189999999999969,0.0,0.0,-0.7138710949256343,-0.49728398207553165,124.25588055076082,-30.103153766766173,0.09827070071520055,0.0,8.001,1520,1220,1444,1331
6.939999999999998,3,0.9399999999999977,0.0,0.0,0.21702655281387095,0.7336067130889745,64.28591805307843,57.95761118327822,0.08757706573398034,0.0,8.001,1520,1220,1444,1331
6.959000000000003,3,0.9590000000000032,0.0,0.0,-1.990079134737823,1.1754597613467388,-108.17791577287429,39.25879695292566,0.07603990239026355,0.0,8.001,1220,1515,1417,1358
6.980000000000004,3,0.980000000000004,0.0,0.0,-2.857585089759139,-0.048269590529768105,-55.33805263656532,-55.86318831580717,0.06695708481546886,0.0,8.001,1220,1515,1417,1358
6.997,3,0.9969999999999999,0.0,0.0,-0.3361599796374895,-0.6417448308988285,123.8838947881836,-49.22299110284208,0.05787131238344534,0.0,8.001,1220,1515,1417,1358
7.018999999999991,3,1.0189999999999912,0.0,0.0,1.6856977307917285,0.21535602461306072,115.80479186805567,37.812531716932135,0.051594628670361464,0.0,8.001,1496,1249,1220,1511
7.039999999999992,3,1.039999999999992,0.0,0.0,-0.722005583422855,0.7900896561214825,-108.67350063867208,32.67345640427952,0.044692829235769366,0.0,8.001,1496,1249,1220,1511
7.0589999999999975,3,1.0589999999999975,0.0,0.0,-1.9749406607727245,-0.21190545840109523,-93.30111489261537,-46.46979990501788,0.03877400007743721,0.0,8.001,1289,1477,1517,1220
7.0789999999999935,3,1.0789999999999935,0.0,0.0,0.6579270965073225,-0.9384006505634039,118.00433134685322,-45.6703467532354,0.03409942261154445,0.0,8.001,1289,1477,1517,1220
7.100999999999999,3,1.100999999999999,0.0,0.0,2.992722516921957,0.17407770966302252,122.07075277111201,49.705321986555454,0.029795052737847626,0.0,8.001,1289,1477,1517,1220
7.117000000000004,3,1.1170000000000044,0.0,0.0,1.77621310522003,0.9239998370286667,-34.96321926691835,61.81696176246973,0.025692368545284554,0.0,8.0,1320,1454,1220,1515
7.138999999999996,3,1.1389999999999958,0.0,0.0,-0.35386292283166343,0.24043535866743682,-111.06606809360335,-27.774646656060447,0.023085130592617305,0.0,8.0,1320,1454,1220,1515
7.1569999999999965,3,1.1569999999999965,0.0,0.0,1.4408038594218602,-0.6746825110367158,69.40687287386301,-55.924502923986374,0.019913700004703157,0.0,8.0,1514,1220,1398,1378
7.180999999999997,3,1.1809999999999974,0.0,0.0,4.181773074056552,0.221414042221105,124.59456231094508,39.27610806737705,0.01759184089587546,0.0,8.0,1514,1220,1398,1378
7.197000000000003,3,1.1970000000000027,0.0,0.0,2.8583637313245207,1.0498383885233353,-39.162576662993104,60.29121361510477,0.014963330305697993,0.0,8.0,1514,1220,1398,1378
7.2180000000000035,3,1.2180000000000035,0.0,0.0,0.32620975471852964,0.5726749164430448,-140.30623770402218,-14.731558615105895,0.013466529200396742,0.0,8.0,1220,1518,1456,1316
7.239999999999995,3,1.2399999999999949,0.0,0.0,1.857973671236256,-0.5081594575031902,64.00631742921479,-52.60545104399413,0.011692472607345225,0.0,8.0,1220,1518,1456,1316
7.256999999999991,3,1.2569999999999908,0.0,0.0,3.807685747649069,-0.01866813763631464,137.4043771936289,11.548696438295476,0.010063242371619093,0.0,8.0,1484,1276,1220,1516
7.277999999999992,3,1.2779999999999916,0.0,0.0,2.6882469844313635,1.1544670682109988,-36.26025511483085,60.91019267844801,0.008994235223942782,0.0,8.0,1484,1276,1220,1516
7.298999999999992,3,1.2989999999999924,0.0,0.0,-0.3171092480210017,0.6117827653615395,-149.18366679471953,-20.33329728175683,0.0078067961645654875,0.0,8.0,1484,1276,1220,1516
7.317999999999998,3,1.3179999999999978,0.0,0.0,0.42439020222117213,-0.48056917515518816,6.591588464189403,-64.76379906854754,0.006759954198040324,0.0,8.0,1339,1434,1511,1220
7.337000000000003,3,1.3370000000000033,0.0,0.0,2.9067820885770947,-0.2584652971681251,133.33930814682577,0.824571866146292,0.005963704801849921,0.0,8.0,1339,1434,1511,1220
7.358999999999995,3,1.3589999999999947,0.0,0.0,1.6161187004385145,0.9195725937860291,-51.152652732059494,56.41343518553256,0.00524676714208499,0.0,8.0,1339,1434,1511,1220
7.381999999999991,3,1.3819999999999908,0.0,0.0,-1.232829828558555,0.28073758355618467,-143.18174734459754,-25.248420936808483,0.00451721714448134,0.0,8.0,1220,1517,1449,1321
7.397999999999996,3,1.3979999999999961,0.0,0.0,-0.4794600164670016,-0.6449480295370058,0.2679653699320988,-61.76671889093512,0.003866291862322193,0.0,8.0,1220,1517,1449,1321
7.418999999999997,3,1.418999999999997,0.0,0.0,2.3371814509516433,-0.30535854788422945,143.158907192013,8.254164083649934,0.0034653217384347595,0.0,7.999,1514,1220,1356,1417
7.438000000000002,3,1.4380000000000024,0.0,0.0,1.8710404634487252,0.877998939855454,5.601237074633765,64.99145610377325,0.0030506297461619777,0.0,7.999,1514,1220,1356,1417
7.456999999999994,3,1.4569999999999936,0.0,0.0,-0.6402970442381973,0.8435801758847317,-139.25661521350963,14.127780991534168,0.0027629876517728633,0.0,7.999,1220,1514,1485,1266
7.477999999999994,3,1.4779999999999944,0.0,0.0,-0.5500207797916993,-0.46266031242970895,-10.174341141431142,-62.43822210899575,0.0025593720169792807,0.0,7.999,1220,1514,1485,1266
7.497,3,1.4969999999999999,0.0,0.0,2.0096873271844604,-0.5626176763336126,139.7620628724689,-20.886440151690316,0.0023202188879238015,0.0,7.999,1220,1514,1485,1266
7.519999999999996,3,1.519999999999996,0.0,0.0,1.759317351647534,0.7107521530741714,-7.607728513616894,57.93355525702143,0.0022274896067271234,0.0,7.999,1485,1282,1220,1519
7.542000000000002,3,1.5420000000000016,0.0,0.0,-1.5821227145052452,0.3323297909778462,-162.2130176177059,-11.753659316230157,0.002146097005479745,0.0,7.999,1485,1282,1220,1519
7.5589999999999975,3,1.5589999999999975,0.0,0.0,-1.5831504445319207,-0.8054977091153851,-42.262874659342756,-66.50523092952317,0.002146097005479745,0.0,7.999,1516,1220,1482,1269
7.578000000000003,3,1.578000000000003,0.0,0.0,0.8431057445416802,-1.0994694245187042,126.49633286268676,-31.11420617903565,0.0020672924055975673,0.0,7.999,1516,1220,1482,1269
7.600999999999999,3,1.600999999999999,0.0,0.0,1.0292099365694274,0.11331626676530977,12.396777121873864,55.09727822303862,0.0020672924055975673,0.0,7.999,1516,1220,1482,1269
7.6229999999999905,3,1.6229999999999905,0.0,0.0,-2.140792808302855,-0.028836151541294694,-153.0530919029368,-0.8829276150327057,0.0020672924055975673,0.0,7.998,1220,1514,1420,1352
7.6370000000000005,3,1.6370000000000005,0.0,0.0,-2.4462928691689507,-0.8065892587221177,-83.85989466706849,-49.378770642337145,0.001991849956329168,0.0,7.998,1220,1514,1420,1352
7.658000000000001,3,1.6580000000000013,0.0,0.0,0.37514179022145633,-1.2988680461573523,130.19225750560736,-28.608124395193347,0.001991849956329168,0.0,7.998,1517,1220,1326,1445
7.6769999999999925,3,1.6769999999999925,0.0,0.0,1.2479264676149873,-0.32574620898946793,75.41404473945673,46.75252875552139,0.001991849956329168,0.0,7.998,1517,1220,1326,1445
7.697999999999993,3,1.6979999999999933,0.0,0.0,-1.4353845312022782,0.12919464231659114,-126.8707091914735,32.43132619820257,0.0019179257900781752,0.0,7.998,1517,1220,1326,1445
7.716999999999999,3,1.7169999999999987,0.0,0.0,-2.67998544374341,-0.8017440399187871,-93.71778375274283,-43.63346822952171,0.0019179257900781752,0.0,7.998,1220,1513,1509,1222
7.742999999999995,3,1.742999999999995,0.0,0.0,0.7126015335136582,-1.118922443605135,145.1557676373796,-7.588092573526754,0.0019179257900781752,0.0,7.998,1220,1513,1509,1222
7.757999999999996,3,1.7579999999999956,0.0,0.0,1.2693393241063888,-0.23750947638173261,91.55092672912379,50.71049019085496,0.0018474738312000483,0.0,7.998,1412,1369,1220,1514
7.778999999999996,3,1.7789999999999964,0.0,0.0,-1.4480271046342659,0.4143221298586031,-124.10435963421327,36.40406816290005,0.0018474738312000483,0.0,7.998,1412,1369,1220,1514
7.796999999999997,3,1.796999999999997,0.0,0.0,-2.703849697816611,-0.45299484770220044,-106.89345771831837,-40.03068004612338,0.0017737843693254422,0.0,7.998,1412,1369,1220,1514
7.819000000000003,3,1.8190000000000026,0.0,0.0,-0.22922720500243102,-1.2054760948714176,110.631244590662,-40.918768562765116,0.0017737843693254422,0.0,7.997,1520,1220,1445,1329
7.838999999999999,3,1.8389999999999986,0.0,0.0,1.221969827778235,-0.14039273746082703,88.5643377220765,48.23123397497788,0.0017737843693254422,0.0,7.997,1520,1220,1445,1329
7.864000000000004,3,1.8640000000000043,0.0,0.0,-1.8730487525081205,0.37414439583964937,-136.8924818360931,21.13070820697748,0.0017737843693254422,0.0,7.997,1220,1513,1457,1306
7.876999999999995,3,1.8769999999999953,0.0,0.0,-2.6338803861853544,-0.3090100043671153,-107.92859337760132,-35.34853414366086,0.0017093841773317014,0.0,7.997,1220,1513,1457,1306
7.899000000000001,3,1.899000000000001,0.0,0.0,-0.30565021830613015,-1.0285303327470112,102.44438860618796,-42.17128865276206,0.0016462053443907468,0.0,7.997,1220,1513,1457,1306
7.920000000000002,3,1.9200000000000017,0.0,0.0,1.357502658860973,0.15019847453037205,91.53198661455535,52.742034336826876,0.0016462053443907468,0.0,7.997,1516,1220,1261,1490
7.938000000000002,3,1.9380000000000024,0.0,0.0,-0.6599317570287213,0.8451866043610069,-90.37627762585417,51.34784246306553,0.0016462053443907468,0.0,7.997,1516,1220,1261,1490
7.956999999999994,3,1.9569999999999936,0.0,0.0,-2.32254222112619,0.07269352991367381,-116.46979274602646,-31.001292906771585,0.0016462053443907468,0.0,7.997,1294,1473,1515,1220
7.9809999999999945,3,1.9809999999999945,0.0,0.0,0.36864377236068835,-0.8103525328722361,119.4459793749678,-38.19035387615514,0.0016462053443907468,0.0,7.997,1294,1473,1515,1220
8.003,4,0.0030000000000001137,0.0,5.0,1.9994083193704142,0.5171184245384255,89.75681361907986,60.32645739122204,0.001526798450699933,0.0,7.997,1294,1473,1515,1220
8.018999999999991,4,0.018999999999991246,0.0,5.0,0.44745441702698296,1.1942250657611142,-64.16302245934239,61.45854758577332,0.001526798450699933,0.0,7.997,1279,1482,1220,1512
8.039000000000001,4,0.03900000000000148,0.0,5.0,-1.464752850529452,0.398001472878137,-107.44919606013646,-33.21360142422247,0.0014299375595596088,14.329699312646316,7.997,1279,1482,1220,1512
8.060999999999993,4,0.06099999999999284,0.0,5.0,0.6404261775021929,-0.14773575110754608,91.78994236893922,-32.57309360461535,0.0012454876423503864,29.597675371955624,7.997,1517,1220,1368,1410
8.076999999999998,4,0.07699999999999818,0.0,5.0,2.2092974712439672,0.9565989425549624,127.84548646906103,49.919417681184086,0.0010761097690132305,25.569395431569475,7.997,1517,1220,1368,1410
8.099999999999994,4,0.09999999999999432,0.0,5.0,0.4912060742095723,2.984160234467111,-75.8319635242023,90.4332140827754,0.0009675759828622285,22.988463312160295,7.997,1517,1220,1368,1410
8.119,4,0.11899999999999977,0.0,5.0,-1.307734592195381,2.783110201153201,-114.24188066141667,0.8384529983347264,0.0008285432384512875,19.68260735764452,7.997,1220,1518,1484,1275
8.137999999999991,4,0.13799999999999102,0.0,5.0,0.19122137775804876,2.2001351993592184,52.70320129630077,-38.92459579683693,0.000727975748222958,17.291595478296713,7.997,1220,1518,1484,1275
8.156999999999996,4,0.15699999999999648,0.0,5.0,2.591157339483513,3.0491842756958674,134.67877654495697,33.144961438158425,0.000642197239217376,15.252510803481107,7.997,1506,1236,1220,1513
8.179999999999993,4,0.1799999999999926,0.0,5.0,0.8398306154738062,4.551718744506068,-74.75812801308206,70.8213230887026,0.0005648739241049945,13.414532511040063,7.997,1506,1236,1220,1513
8.198999999999998,4,0.19899999999999807,0.0,5.0,-1.2682750952563362,4.236060271353459,-136.12459098846526,-3.536560321328355,0.00048278648534546306,11.463575205764192,7.997,1506,1236,1220,1513
8.216999999999999,4,0.21699999999999875,0.0,5.0,-0.051279029240992584,3.3941389243025415,36.32399785525999,-49.265194841723584,0.000425779246711963,10.108838773517075,7.996,1336,1441,1514,1220
8.241,4,0.24099999999999966,0.0,5.0,2.7263468468387524,4.26798884440233,127.01102859778223,37.252193242708046,0.0003762568838454412,8.932140613496447,7.996,1336,1441,1514,1220
8.25699999999999,4,0.2569999999999908,0.0,5.0,1.5919080277083464,5.243253199855056,-25.77423280477816,67.4001974466591,0.00032088418610317493,7.616591537838632,7.996,1220,1521,1251,1500
8.277999999999992,4,0.2779999999999916,0.0,5.0,-1.1324733254750288,4.8255585306916275,-141.73505863687546,-12.305505303994984,0.0002880435514307843,6.836436658669197,7.996,1220,1521,1251,1500
8.296999999999997,4,0.29699999999999704,0.0,5.0,-0.4355084695294835,3.7208275126344863,3.5535602352856936,-64.59342682989075,0.00024968009453930765,5.925168187531728,7.996,1220,1521,1251,1500
8.319999999999993,4,0.3199999999999932,0.0,5.0,2.482081779759348,4.179415378132428,133.02975031326244,19.247556750913265,0.000220254215735572,5.226249870803133,7.996,1513,1220,1341,1431
8.340999999999994,4,0.340999999999994,0.0,5.0,0.8176228957177444,5.418775828032867,-67.16013678790067,62.53889909736174,0.00018788356302824137,4.457527874530653,7.996,1513,1220,1341,1431
8.358000000000004,4,0.3580000000000041,0.0,5.0,-1.4386251357983317,5.034631474959364,-153.07207982882943,-2.8493724276124333,0.0001635788018784342,3.8804358000461674,7.996,1513,1220,1341,1431
8.376999999999995,4,0.37699999999999534,0.0,5.0,-1.1768842826755095,3.88799255058914,-22.091879747738354,-64.31949526303822,0.00014593332144427617,3.4615074279639044,7.996,1308,1462,1516,1220
8.399999999999991,4,0.3999999999999915,0.0,5.0,1.8163426010279706,4.036712235803352,136.13841529134538,5.529148696812512,0.00012851117233363027,3.0479586836266734,7.996,1308,1462,1516,1220
8.418999999999997,4,0.41899999999999693,0.0,5.0,1.146350669042908,5.10451327479188,-1.6644780405877915,60.85094078739815,0.00010983669767915319,2.604819211927419,7.996,1453,1321,1220,1516
8.436999999999998,4,0.4369999999999976,0.0,5.0,-1.5978352445257422,5.029615981674459,-147.54127950689826,9.397239783707526,9.690311995005227e-05,2.2978135212361592,7.996,1453,1321,1220,1516
8.463999999999999,4,0.46399999999999864,0.0,5.0,-0.6665456746619679,3.5913301141788065,52.1154122918024,-59.10564986954147,8.545039056775678e-05,2.02603325052877,7.996,1414,1365,1513,1220
8.477999999999994,4,0.47799999999999443,0.0,5.0,1.2196496978945461,3.844665245589164,142.8270966021338,-10.568673575425366,7.126308031921136e-05,1.689481975757033,7.996,1414,1365,1513,1220
8.49799999999999,4,0.49799999999999045,0.0,5.0,1.3842391142018706,5.223079382367778,27.61974650342102,67.4852947735283,6.512585269386742e-05,1.5438322471313306,7.996,1414,1365,1513,1220
8.519999999999996,4,0.519999999999996,0.0,5.0,-1.5143068334532466,5.322953823506289,-142.966992536714,13.397868557012524,5.684408808633767e-05,1.3473293055356506,7.996,1220,1520,1384,1400
8.537999999999997,4,0.5379999999999967,0.0,5.0,-1.5864919011399379,4.247212262720797,-34.83345591797186,-56.132588052145394,4.910541932244115e-05,1.163768825365204,7.996,1220,1520,1384,1400
8.557000000000002,4,0.5570000000000022,0.0,5.0,1.1627632934533314,4.06959788910967,140.22305966030976,-21.95007989792701,4.347320474941872e-05,1.0301292373430289,7.996,1514,1220,1294,1467
8.576999999999998,4,0.5769999999999982,0.0,5.0,1.9352401862220252,5.113664874506051,70.64661367992285,51.4606874334379,3.82367834898451e-05,0.9060204312556659,7.996,1514,1220,1294,1467
8.600999999999999,4,0.6009999999999991,0.0,5.0,-1.2742796853104237,5.346272943106359,-141.39140449897545,8.688283223333128,3.345213493455805e-05,0.7925478305315996,7.996,1514,1220,1294,1467
8.617999999999995,4,0.617999999999995,0.0,5.0,-1.422724028523719,4.470346432055475,-55.563199577271035,-49.40131709678735,2.8443887990943376e-05,0.6738011498295198,7.996,1312,1458,1513,1220
8.64,4,0.6400000000000006,0.0,5.0,1.6556899350035121,4.270738849316906,144.4084766402885,-15.289941947680068,2.5389941573351565e-05,0.6014870022396858,7.996,1312,1458,1513,1220
8.659999999999997,4,0.6599999999999966,0.0,5.0,2.0716232691347245,5.479129940860039,40.21825070111027,58.33283445552204,2.195259104423943e-05,0.5200262174949998,7.996,1412,1375,1220,1518
8.679999999999993,4,0.6799999999999926,0.0,5.0,-0.7471153331633789,5.616065415321862,-140.35997763241184,17.47926517102657,1.9093896690321043e-05,0.45230382465726554,7.996,1412,1375,1220,1518
8.698999999999998,4,0.6989999999999981,0.0,5.0,-1.3590189608567158,4.5524500016340825,-68.63342908243993,-54.585505808907904,1.6706439831784277e-05,0.39571544057944547,7.996,1412,1375,1220,1518
8.718999999999994,4,0.7189999999999941,0.0,5.0,1.3888503456652754,4.164842742651382,129.9450729595446,-27.226015126073758,1.4710169418629067e-05,0.34843009431630007,7.996,1515,1220,1484,1267
8.736999999999995,4,0.7369999999999948,0.0,5.0,2.2965055400101018,5.173355605210085,82.91522486334236,49.40701005946056,1.2844391108278192e-05,0.3041954146933439,7.996,1515,1220,1484,1267
8.757999999999996,4,0.7579999999999956,0.0,5.0,-0.390100304710181,5.615067780816218,-124.09463344483517,29.880882335701035,1.1397046368265157e-05,0.2698437786755581,7.996,1220,1520,1435,1343
8.777000000000001,4,0.777000000000001,0.0,5.0,-1.568304601484075,4.328615737909479,-83.0958150649975,-60.865844260167115,9.88855681305617e-06,0.23411319149737023,7.996,1220,1520,1435,1343
8.798000000000002,4,0.7980000000000018,0.0,5.0,0.7225363104657061,3.630127723098594,106.61667113239278,-49.76809484012246,8.682871533740482e-06,0.2055019959716496,7.996,1220,1520,1435,1343
8.816999999999993,4,0.8169999999999931,0.0,5.0,2.23643274559937,4.604369684609934,104.07159921367345,43.04920360263506,7.562371788347117e-06,0.17890945485099832,7.995,1515,1220,1254,1493
8.840000000000003,4,0.8400000000000034,0.0,5.0,-0.47145551500742267,5.398308739298101,-120.9726086167357,36.78182885042053,6.651991393207959e-06,0.15740625843565278,7.995,1515,1220,1254,1493
8.866,4,0.8659999999999997,0.0,5.0,-1.0286307578721516,3.8970656031278557,-16.435197331856543,-64.93794840181536,5.680338757130091e-06,0.13439335008989642,7.995,1515,1220,1254,1493
8.876999999999995,4,0.8769999999999953,0.0,5.0,0.607414539222199,3.648420677243181,99.4728943172064,-50.82962235035833,4.78065601771763e-06,0.11307212752312149,7.995,1515,1220,1398,1377
8.899999999999991,4,0.8999999999999915,0.0,5.0,2.7345460620505295,4.838666517482528,104.7846436422661,52.56740689031716,4.440463481877293e-06,0.10504005851291788,7.995,1515,1220,1398,1377
8.917000000000002,4,0.9170000000000016,0.0,5.0,1.1569928508217284,5.609738952603138,-61.320038179594626,61.25183874073205,3.797046938703455e-06,0.08981468639888676,7.995,1329,1450,1220,1516
8.939999999999998,4,0.9399999999999977,0.0,5.0,-0.8399496635366054,4.65719949029269,-99.48695084651828,-41.519589568199876,3.3887636633538498e-06,0.08026151291618017,7.995,1329,1450,1220,1516
8.959999999999994,4,0.9599999999999937,0.0,5.0,1.4946584069235296,3.793137017830119,103.56789325295253,-49.57215037321313,2.905571557035417e-06,0.0687578868685052,7.995,1515,1220,1380,1395
8.977000000000004,4,0.9770000000000039,0.0,5.0,3.153719467169266,4.4366987857698765,130.28264822908332,22.707947442947873,2.533967964938696e-06,0.05988992676787501,7.995,1515,1220,1380,1395
8.99799999999999,4,0.9979999999999905,0.0,5.0,1.207326115641139,5.5540408943558,-81.52931800904425,56.694941432174645,2.268813721364941e-06,0.05358937074322914,7.995,1515,1220,1380,1395
9.018999999999991,4,1.0189999999999912,0.0,5.0,-1.312813051286697,4.877463699515493,-129.98187401879264,-28.389023879450384,1.9712788866901425e-06,0.04651262108232819,7.995,1220,1518,1470,1295
9.036999999999992,4,1.036999999999992,0.0,5.0,-0.08553819423577202,4.162445773139531,32.20968655963566,-52.270420019921254,1.7046048977562721e-06,0.0403343281118682,7.995,1220,1518,1470,1295
9.057999999999993,4,1.0579999999999927,0.0,5.0,2.514983014434711,4.837335057481199,131.6249443255309,26.8169533891344,1.513939244822393e-06,0.03577950574007545,7.995,1503,1242,1220,1513
9.076999999999998,4,1.0769999999999982,0.0,5.0,1.1803585010855189,5.828656760785802,-43.414126949610505,58.545622168924616,1.3073081233873152e-06,0.03103419846367603,7.995,1503,1242,1220,1513
9.107,4,1.1069999999999993,0.0,5.0,-1.3469782978453353,4.619966848466482,-81.91655558403812,-54.66816817333798,1.1461138463540015e-06,0.02727547666131992,7.995,1503,1242,1220,1513
9.117000000000004,4,1.1170000000000044,0.0,5.0,-0.32211748422991354,4.069957754701566,25.448536941753392,-66.803600913226,9.41972106901449e-07,0.022322605672335502,7.995,1487,1270,1511,1220
9.14,4,1.1400000000000006,0.0,5.0,2.596828530928739,4.608749543415205,132.86668637701757,23.14587868196158,8.827690076163126e-07,0.020866883252363518,7.995,1487,1270,1511,1220
9.158999999999992,4,1.1589999999999918,0.0,5.0,1.428898306089999,5.560608121242767,-32.120918006087585,59.12004790831186,7.5686504577327e-07,0.01783318202834029,7.995,1280,1487,1220,1516
9.177999999999997,4,1.1779999999999973,0.0,5.0,-1.075306669834432,5.073810293812203,-137.59551320736253,-14.78529512840097,6.684803318412684e-07,0.015737736353381247,7.995,1280,1487,1220,1516
9.197000000000003,4,1.1970000000000027,0.0,5.0,-0.27927029350382193,3.973553476548244,8.906819394695917,-64.28929216652841,5.828748120343671e-07,0.01380151029205153,7.995,1280,1487,1220,1516
9.218999999999994,4,1.218999999999994,0.0,5.0,2.5938471533560286,4.257412723359389,141.53869069823762,7.60777034852556,5.161737459209612e-07,0.012192257025626364,7.994,1513,1220,1296,1464
9.238,4,1.2379999999999995,0.0,5.0,1.6584149670389357,5.407138039460812,-23.540339182002743,61.6071246907886,4.4446429851731105e-07,0.010509077300101055,7.994,1513,1220,1296,1464
9.260999999999996,4,1.2609999999999957,0.0,5.0,-1.2147224634603224,4.912008235016478,-137.2802453356531,-19.46215787954048,3.949885313366503e-07,0.009241003321899265,7.994,1220,1518,1504,1241
9.280000000000001,4,1.2800000000000011,0.0,5.0,0.19009255559557192,3.8342291434242077,49.49003442391665,-59.92918626833742,3.39954375905789e-07,0.007890479322111366,7.994,1220,1518,1504,1241
9.298999999999992,4,1.2989999999999924,0.0,5.0,2.3663478528114785,4.144214290697475,140.28761860834473,0.9110416875126831,2.982662095849104e-07,0.006963595471056194,7.994,1220,1518,1504,1241
9.316999999999993,4,1.316999999999993,0.0,5.0,1.6756410242908253,5.199694095310123,-5.795485520194812,57.64408500980712,2.6074685989611966e-07,0.006136222940535613,7.994,1467,1306,1220,1518
9.337999999999994,4,1.3379999999999939,0.0,5.0,-1.5174032570247895,4.87214127460476,-160.2069364169598,-7.377446978202621,2.3072557881334806e-07,0.005416889878733884,7.994,1467,1306,1220,1518
9.364999999999995,4,1.3649999999999949,0.0,5.0,-0.4428780568809422,3.374993904058996,58.75410003296091,-59.72680776322994,2.0154387511095175e-07,0.004706089133933049,7.994,1515,1220,1471,1286
9.37899999999999,4,1.3789999999999907,0.0,5.0,1.163440229233103,3.674757032909104,131.0908235324359,-5.976264405825771,1.681933547764676e-07,0.003932738213739378,7.994,1515,1220,1471,1286
9.399000000000001,4,1.399000000000001,0.0,5.0,0.6342355715149284,4.95940334455402,-6.727218945632932,64.40038519337868,1.562369372845976e-07,0.003577332421877339,7.994,1515,1220,1471,1286
9.417999999999992,4,1.4179999999999922,0.0,5.0,-1.9496836884390751,4.8660696633194425,-144.40249339457557,11.427844778668563,1.381720609714773e-07,0.003196343227666671,7.994,1220,1518,1415,1365
9.439999999999998,4,1.4399999999999977,0.0,5.0,-1.769210133608357,3.562120810193247,-5.924683670987481,-63.01927313187791,1.2149679444312583e-07,0.0028580020698064203,7.994,1220,1518,1415,1365
9.463999999999999,4,1.4639999999999986,0.0,5.0,1.5707365757154226,4.059995070023455,145.37539920033055,22.563777517494536,1.0482154063699312e-07,0.002545249525315588,7.994,1515,1220,1281,1477
9.477999999999994,4,1.4779999999999944,0.0,5.0,1.3680193359137944,4.976274765577598,48.314958433823904,66.34047310636412,8.95358902545199e-08,0.0021756332797589193,7.994,1515,1220,1281,1477
9.497,4,1.4969999999999999,0.0,5.0,-1.1709796908597394,5.280519565740292,-128.0547224840952,29.748520099775355,8.95358902545199e-08,0.0021756332797589193,7.994,1515,1220,1281,1477
9.519999999999996,4,1.519999999999996,0.0,5.0,-1.418790693335438,3.8886354421447678,-14.89484111740422,-62.996788149130225,8.814628046975104e-08,0.002127298769081503,7.994,1281,1481,1515,1220
9.536999999999992,4,1.536999999999992,0.0,5.0,1.0813037893691146,3.7823282434685734,137.6184763033521,-24.89070685450199,8.814628046975104e-08,0.002127298769081503,7.994,1281,1481,1515,1220
9.557000000000002,4,1.5570000000000022,0.0,5.0,1.9171538452998316,4.921903044689712,73.35996096922378,55.88611043066173,8.814628046975104e-08,0.002127298769081503,7.994,1412,1370,1220,1516
9.578000000000003,4,1.578000000000003,0.0,5.0,-0.9684838985976078,5.265250677850728,-133.88499928037476,22.63074581475922,8.258785405289432e-08,0.0020021977929733366,7.994,1412,1370,1220,1516
9.596999999999994,4,1.5969999999999942,0.0,5.0,-1.8417765179498056,4.049486823985391,-81.45228713558484,-61.277957384118174,7.84190310596971e-08,0.0019282746689265017,7.994,1412,1370,1220,1516
9.617999999999995,4,1.617999999999995,0.0,5.0,0.7237764166868865,3.4053210111909102,119.13519210735389,-40.145778978921854,7.84190310596971e-08,0.0019282746689265017,7.994,1514,1220,1395,1381
9.640999999999991,4,1.6409999999999911,0.0,5.0,1.5491173194450396,4.795365252578763,40.222324908950185,62.42472565519581,7.84190310596971e-08,0.0019282746689265017,7.994,1514,1220,1395,1381
9.656999999999996,4,1.6569999999999965,0.0,5.0,-0.6457032456879682,5.157590247945226,-115.7158628050621,41.668518427957416,7.84190310596971e-08,0.0019282746689265017,7.994,1220,1518,1441,1336
9.677999999999997,4,1.6779999999999973,0.0,5.0,-1.850521934851772,4.04765804083512,-77.35409167130715,-50.755285986526495,7.563983057348746e-08,0.0018571944693819193,7.994,1220,1518,1441,1336
9.701999999999998,4,1.7019999999999982,0.0,5.0,1.2853793830419291,3.6374825561742288,140.5687628549608,-19.649310185440708,7.425021442760923e-08,0.0017889576112212523,7.994,1220,1518,1441,1336
9.718999999999994,4,1.718999999999994,0.0,5.0,2.0543964648308943,4.583330140645357,89.28701271739888,49.679804399816284,7.425021442760923e-08,0.0017889576112212523,7.994,1492,1257,1220,1512
9.739000000000004,4,1.7390000000000043,0.0,5.0,-0.4446290399076984,5.159935137264656,-115.05569770102369,35.9136230144527,7.425021442760923e-08,0.0017889576112212523,7.994,1492,1257,1220,1512
9.757999999999996,4,1.7579999999999956,0.0,5.0,-1.558319398526045,4.23730720776381,-92.45680788855341,-42.84883658823815,7.425021442760923e-08,0.0017889576112212523,7.994,1342,1436,1516,1220
9.777000000000001,4,1.777000000000001,0.0,5.0,0.9213773645524992,3.585095005240231,111.546742656443,-42.43149153938286,7.425021442760923e-08,0.0017889576112212523,7.994,1342,1436,1516,1220
9.798000000000002,4,1.7980000000000018,0.0,5.0,2.9155390314232856,4.674898217979486,121.06675594425515,48.60090430342649,6.785222971370532e-08,0.0016581676594961071,7.994,1342,1436,1516,1220
9.819000000000003,4,1.8190000000000026,0.0,5.0,0.750731704885489,5.6111323111938205,-96.08304411137239,49.59528080883738,6.785222971370532e-08,0.0016581676594961071,7.994,1376,1409,1220,1517
9.837000000000003,4,1.8370000000000033,0.0,5.0,-0.7284890871316367,4.783265145577262,-108.18708188674044,-34.96433258775306,6.785222971370532e-08,0.0016581676594961071,7.994,1376,1409,1220,1517
9.86,4,1.8599999999999994,0.0,5.0,1.6977708372016664,3.9434720427830383,107.93008918902954,-42.119293837705335,6.785222971370532e-08,0.0016581676594961071,7.994,1513,1220,1257,1490
9.884,4,1.8840000000000003,0.0,5.0,2.808082653419237,5.228544387477434,53.47911078601422,57.22954033851154,6.507301014416759e-08,0.0015927738300581082,7.994,1513,1220,1257,1490
9.897999999999996,4,1.8979999999999961,0.0,5.0,1.0242627451762225,5.758315630731603,-87.3466584270358,57.78293592544431,6.229380329684859e-08,0.0015330666833879405,7.994,1513,1220,1257,1490
9.917999999999992,4,1.9179999999999922,0.0,5.0,-1.3510403394107888,5.0898586770407945,-130.38357110425943,-26.879516214384424,6.229380329684859e-08,0.0015330666833879405,7.994,1220,1518,1471,1295
9.941000000000003,4,1.9410000000000025,0.0,5.0,0.8538555551607812,4.30648763254593,97.58326784180902,-39.45260698571935,6.229380329684859e-08,0.0015330666833879405,7.994,1220,1518,1471,1295
9.957999999999998,4,1.9579999999999984,0.0,5.0,2.42893757193136,5.118571511651059,119.89837012445443,34.40102298124002,6.229380329684859e-08,0.0015330666833879405,7.994,1439,1338,1220,1515
9.977000000000004,4,1.9770000000000039,0.0,5.0,0.8892460202626435,6.083343842764999,-54.357753151033826,61.34947629491738,5.951459008842023e-08,0.0014762025654404408,7.994,1439,1338,1220,1515
9.99799999999999,4,1.9979999999999905,0.0,5.0,-1.6678081846949957,5.378732990250021,-130.27484815305115,-28.31293215700186,5.951459008842023e-08,0.0014762025654404408,7.994,1439,1338,1220,1515
10.016999999999996,5,0.016999999999995907,0.0,-5.0,-0.3105071231362439,4.350015147465952,42.82379028455171,-63.98154433309515,5.673538324110123e-08,0.001422181580436025,7.994,1368,1413,1515,1220
10.037999999999997,5,0.0379999999999967,0.0,-5.0,2.357922814470268,4.880501853035679,140.73476377254877,18.272342341218845,5.673538324110123e-08,0.001422181580436025,7.994,1368,1413,1515,1220
10.063999999999993,5,0.06399999999999295,0.0,-5.0,0.25892486751364646,5.881549745718381,-98.26286483403611,38.40975662776888,0.0,-20.910678785507397,7.994,1220,1520,1292,1473
10.078000000000003,5,0.07800000000000296,0.0,-5.0,-1.2563606840228954,5.069225102445009,-137.69535691264977,-30.862585425106968,0.0,-50.1123807705207,7.994,1220,1520,1292,1473
10.100999999999999,5,0.10099999999999909,0.0,-5.0,0.14906120801292524,2.7210607073079855,57.169502975707125,-107.99161553307303,0.0,-54.6885050615917,7.994,1220,1520,1292,1473
10.117000000000004,5,0.11700000000000443,0.0,-5.0,2.518617742290216,2.0959637154591224,155.85200780215965,-59.06408133825278,0.0,-46.85309304576607,7.994,1513,1220,1298,1463
10.138999999999996,5,0.1389999999999958,0.0,-5.0,2.1320053430488106,2.230794210996113,-4.555781853288579,9.421959945861095,0.0,-42.045551700331295,7.994,1513,1220,1298,1463
10.158000000000001,5,0.15800000000000125,0.0,-5.0,-0.6672852027221805,1.2103061058316744,-147.885725946742,-41.48108437675393,0.0,-36.267758077634106,7.994,1220,1518,1503,1241
10.179000000000002,5,0.17900000000000205,0.0,-5.0,-0.02989997351484401,-0.7338180754272747,11.150103673806457,-96.07436977112647,0.0,-31.78351007618354,7.994,1220,1518,1503,1241
10.197999999999993,5,0.1979999999999933,0.0,-5.0,2.625286514105597,-1.2339302360668676,150.17202248837705,-43.01228984526573,0.0,-27.677200347171873,7.994,1220,1518,1503,1241
10.221000000000004,5,0.22100000000000364,0.0,-5.0,2.1689191004181443,-0.7077047147655822,-17.364164530680807,26.991819892265067,0.0,-24.3712077888727,7.994,1485,1270,1220,1512
10.241,5,0.24099999999999966,0.0,-5.0,-0.6518530839836243,-1.6198684742928513,-150.63569671037254,-35.89812873032053,0.0,-20.808581117794045,7.994,1485,1270,1220,1512
10.25699999999999,5,0.2569999999999908,0.0,-5.0,-0.6292693302972415,-2.919228614235562,-51.537783193694416,-83.72848865762661,0.0,-18.23223376286524,7.994,1396,1386,1513,1220
10.278999999999996,5,0.27899999999999636,0.0,-5.0,2.2264406057304647,-3.472374258933395,135.62224423538916,-31.468945713958604,0.0,-16.380067459970785,7.994,1396,1386,1513,1220
10.296999999999997,5,0.29699999999999704,0.0,-5.0,2.4862396574165935,-2.6416787546702163,49.331153978538396,42.648056347396455,0.0,-14.121552712784762,7.994,1396,1386,1513,1220
10.317999999999998,5,0.31799999999999784,0.0,-5.0,-0.4117259109220578,-2.725101617975694,-139.23016872104336,5.183471115370874,0.0,-12.513816682170264,7.994,1220,1517,1424,1353
10.338999999999999,5,0.33899999999999864,0.0,-5.0,-0.8234303707812536,-4.406032090170165,-33.576803563527065,-78.81810173876435,0.0,-10.86327927112188,7.994,1220,1517,1424,1353
10.357,5,0.3569999999999993,0.0,-5.0,1.5094906963147412,-4.868142625732541,124.61401468970128,-45.3939938843221,0.0,-9.390325924720182,7.994,1518,1220,1260,1494
10.378,5,0.3780000000000001,0.0,-5.0,2.1656467994754736,-3.8407459976660463,45.660753752546114,47.931836047804964,0.0,-8.352137170878244,7.994,1518,1220,1260,1494
10.399000000000001,5,0.3990000000000009,0.0,-5.0,-0.8518309910412541,-3.7430119670586874,-145.26651232458218,13.592153287953536,0.0,-7.245281963989228,7.994,1518,1220,1260,1494
10.417999999999992,5,0.41799999999999216,0.0,-5.0,-1.6313486349054678,-4.913760178538587,-77.39178065514727,-59.8766894343767,0.0,-6.280130984263176,7.994,1259,1491,1511,1220
10.438000000000002,5,0.4380000000000024,0.0,-5.0,0.9558854012301077,-5.406060577119242,121.68166421485306,-32.28749607466044,0.0,-5.538827928640066,7.994,1259,1491,1511,1220
10.457999999999998,5,0.4579999999999984,0.0,-5.0,1.7479723007144372,-4.317262255961626,70.59338601572094,52.561024078537784,0.0,-4.8235705187563305,7.994,1390,1395,1220,1516
10.477999999999994,5,0.47799999999999443,0.0,-5.0,-1.0754753968512725,-3.829950029909195,-132.02311703338597,32.167861896253086,0.0,-4.230527818125749,7.994,1390,1395,1220,1516
10.49799999999999,5,0.49799999999999045,0.0,-5.0,-2.2661045814577863,-4.987052804087878,-83.29774277761976,-54.44699640272921,0.0,-3.682655719797401,7.994,1390,1395,1220,1516
10.516999999999996,5,0.5169999999999959,0.0,-5.0,-0.16492525617520545,-5.599670826879716,97.61801301411687,-46.93548220262935,0.0,-3.2227564579788166,7.994,1501,1252,1514,1220
10.537999999999997,5,0.5379999999999967,0.0,-5.0,1.1146773743142664,-4.56112861074823,74.12968230754919,46.79159402247928,0.0,-2.8440907703933096,7.994,1501,1252,1514,1220
10.563999999999993,5,0.563999999999993,0.0,-5.0,-2.235220173578281,-4.341618710541891,-144.14940756506994,6.123656473020061,0.0,-2.467428462668732,7.994,1220,1514,1436,1335
10.578999999999994,5,0.5789999999999935,0.0,-5.0,-2.725732129813451,-5.2914640901115915,-86.62220758252923,-55.14260677346541,0.0,-2.064538441974717,7.994,1220,1514,1436,1335
10.600999999999999,5,0.6009999999999991,0.0,-5.0,0.12762237812637914,-6.085611892456266,130.41967548421212,-42.599982060923324,0.0,-1.872200314947158,7.994,1220,1514,1436,1335
10.617999999999995,5,0.617999999999995,0.0,-5.0,1.4656482456409583,-5.2785255773894715,105.31061601968128,36.43450690093621,0.0,-1.6148387870210774,7.994,1470,1302,1220,1517
10.637,5,0.6370000000000005,0.0,-5.0,-0.54357073333768,-4.621723487743644,-85.3929169658995,47.14257353826414,0.0,-1.4365253862370817,7.994,1470,1302,1220,1517
10.658000000000001,5,0.6580000000000013,0.0,-5.0,-2.6662452375674595,-5.570381268171409,-112.17206013533601,-40.999993172374914,0.0,-1.2671366948207656,7.994,1283,1476,1511,1220
10.676999999999992,5,0.6769999999999925,0.0,-5.0,-0.624114458464586,-6.348601069371615,85.52292278656152,-50.36524120378375,0.0,-1.0992050748534834,7.994,1283,1476,1511,1220
10.697999999999993,5,0.6979999999999933,0.0,-5.0,1.7836473392447658,-5.408586466451678,138.97383172149276,39.67828326608574,0.0,-0.9667904385702677,7.994,1283,1476,1511,1220
10.716999999999999,5,0.7169999999999987,0.0,-5.0,0.3036551627382517,-4.2910765913442654,-55.48100166570452,64.177188271681,0.0,-0.8402043015266,7.995,1410,1373,1220,1515
10.739999999999995,5,0.7399999999999949,0.0,-5.0,-1.848885677658731,-5.116226622331629,-106.07310418767565,-35.32784891575948,0.0,-0.7387532606285792,7.995,1410,1373,1220,1515
10.759,5,0.7590000000000003,0.0,-5.0,-0.09394641723821558,-5.940415731080136,69.60302224644742,-55.08375786357658,0.0,-0.6320201356246113,7.995,1521,1220,1443,1330
10.777000000000001,5,0.777000000000001,0.0,-5.0,2.08912947086429,-5.248413407773001,132.73348402782398,25.216640066600412,0.0,-0.5571612623212715,7.995,1521,1220,1443,1330
10.798999999999992,5,0.7989999999999924,0.0,-5.0,0.3689005981456514,-4.080213710627163,-70.80975957843778,60.071472769127126,0.0,-0.49268427655635116,7.995,1521,1220,1443,1330
10.817999999999998,5,0.8179999999999978,0.0,-5.0,-1.7974229770270351,-4.8125589731538,-137.41598851521792,-24.73277751296566,0.0,-0.4245645588079926,7.995,1220,1514,1462,1299
10.837999999999994,5,0.8379999999999939,0.0,-5.0,-0.5720358135079726,-6.169439657913479,44.40696324736356,-70.89142132015445,0.0,-0.37429436651669873,7.995,1220,1514,1462,1299
10.861999999999995,5,0.8619999999999948,0.0,-5.0,1.6631931112501828,-5.376167400443035,103.85984968902473,34.9409084539945,0.0,-0.32584554021712403,7.995,1451,1327,1220,1516
10.87899999999999,5,0.8789999999999907,0.0,-5.0,0.0771166777108521,-4.439501297763697,-56.2631437030356,66.50156311793887,0.0,-0.2781253030029192,7.995,1451,1327,1220,1516
10.900999999999996,5,0.9009999999999962,0.0,-5.0,-2.758796008368425,-4.914433379058656,-135.81265624907078,-18.66023049173116,0.0,-0.24825459124577917,7.995,1451,1327,1220,1516
10.921999999999997,5,0.921999999999997,0.0,-5.0,-0.9899084944766452,-5.846428059232529,72.12610095603931,-50.41537479229164,0.0,-0.2132840360355271,7.995,1355,1424,1512,1220
10.938000000000002,5,0.9380000000000024,0.0,-5.0,1.0100303384932086,-5.3787432355337765,142.5483292613489,10.773133580682405,0.0,-0.18559899815300435,7.995,1355,1424,1512,1220
10.959000000000003,5,0.9590000000000032,0.0,-5.0,-0.13275190355391162,-4.228806183568083,-37.50727348745134,60.076574920437125,0.0,-0.1668387496794404,7.995,1220,1518,1256,1491
10.980999999999995,5,0.9809999999999945,0.0,-5.0,-2.8301533425050756,-4.901044073851316,-129.37615918281756,-27.294684140441774,0.0,-0.14443572920179856,7.995,1220,1518,1256,1491
10.99799999999999,5,0.9979999999999905,0.0,-5.0,-1.9843550093265292,-5.813868547459078,5.181432303903625,-63.75994567566326,0.0,-0.12440050318969009,7.995,1220,1518,1256,1491
11.018999999999991,5,1.0189999999999912,0.0,-5.0,0.8277020137768618,-5.577582421990718,143.2873967106793,3.456766209462858,0.0,-0.11128654665337222,7.995,1519,1220,1364,1416
11.039999999999992,5,1.039999999999992,0.0,-5.0,-0.07889285373027936,-4.286199836276877,-29.39701124432982,63.97295878530845,0.0,-0.09671547864738056,7.995,1519,1220,1364,1416
11.058999999999997,5,1.0589999999999975,0.0,-5.0,-2.57136537225952,-4.521656947534726,-145.7278369615032,2.7592386900040062,0.0,-0.08396578997332121,7.995,1246,1498,1511,1220
11.078000000000003,5,1.078000000000003,0.0,-5.0,-2.2882787905982327,-5.615985160599115,-15.335671771720596,-58.50845227946141,0.0,-0.07376604303613771,7.995,1246,1498,1511,1220
11.102000000000004,5,1.1020000000000039,0.0,-5.0,0.9405578164023644,-5.318007485886731,146.4666038825101,12.361213180639254,0.0,-0.06502340089852139,7.995,1246,1498,1511,1220
11.117999999999995,5,1.117999999999995,0.0,-5.0,0.5874586474581258,-4.309912972414692,26.333961684618828,62.87069602686262,0.0,-0.0553700657598856,7.995,1426,1355,1220,1515
11.137,5,1.1370000000000005,0.0,-5.0,-2.1447434324074726,-4.291669964028411,-141.52699741437854,15.282133333911451,0.0,-0.04972377715769283,7.995,1426,1355,1220,1515
11.161000000000001,5,1.1610000000000014,0.0,-5.0,-2.189292274051823,-5.862502055670507,1.0932582212422237,-68.5070705827947,0.0,-0.04371321068808161,7.995,1416,1365,1514,1220
11.176999999999992,5,1.1769999999999925,0.0,-5.0,-0.04029025204738046,-5.872682879515235,131.03026707525459,-25.21544990613754,0.0,-0.03697408848363349,7.995,1416,1365,1514,1220
11.198999999999998,5,1.198999999999998,0.0,-5.0,0.3362727311196476,-4.434300962484379,26.536966859582652,66.59992467217623,0.0,-0.03333132314966222,7.995,1416,1365,1514,1220
11.218000000000004,5,1.2180000000000035,0.0,-5.0,-2.2026817927025752,-4.216187835963307,-134.31245983939084,28.3584536602727,0.0,-0.028777861479618187,7.995,1220,1515,1375,1400
11.241,5,1.2409999999999997,0.0,-5.0,-2.4412758817801645,-5.520825684422028,-13.85438388698419,-58.881988494980234,0.0,-0.025317233411829496,7.995,1220,1515,1375,1400
11.262999999999991,5,1.262999999999991,0.0,-5.0,0.8110179960686363,-5.27826176133278,156.3308860252476,5.234523364322134,0.0,-0.021674466410331578,7.995,1519,1220,1296,1471
11.277000000000001,5,1.277000000000001,0.0,-5.0,1.229896582475152,-4.368622717199182,91.98980736443214,58.99883937130081,0.0,-0.018760251808617255,7.995,1519,1220,1296,1471
11.296999999999997,5,1.296999999999997,0.0,-5.0,-1.3452340382860435,-3.722133359426428,-118.65314467649107,39.92158143451077,0.0,-0.016938869141631622,7.995,1519,1220,1296,1471
11.319999999999993,5,1.3199999999999932,0.0,-5.0,-2.409092457297888,-4.999948201240862,-57.204401827271305,-57.804423700573174,0.0,-0.014753208607227543,7.995,1240,1502,1511,1220
11.338999999999999,5,1.3389999999999986,0.0,-5.0,-2.4487969241679447e-05,-5.405057393084896,119.54985289186536,-36.857736157761465,0.0,-0.01274968617276936,7.995,1240,1502,1511,1220
11.361999999999995,5,1.3619999999999948,0.0,-5.0,0.7474917406196699,-4.009215601752173,31.131507048203293,61.5839157079889,0.0,-0.011292578871912198,7.995,1240,1502,1511,1220
11.378,5,1.3780000000000001,0.0,-5.0,-1.4693275831694796,-3.659204692168985,-121.51064993841429,43.05770377305714,0.0,-0.009653333471109138,7.995,1220,1515,1364,1411
11.400999999999996,5,1.4009999999999962,0.0,-5.0,-2.88790899523988,-4.734413071312392,-73.29307975687101,-48.21298029442103,0.0,-0.008560503203907097,7.995,1220,1515,1364,1411
11.417999999999992,5,1.4179999999999922,0.0,-5.0,-0.8707626212340899,-5.178889765985088,96.15583343735722,-42.62329691165516,0.0,-0.007285534836759159,7.995,1520,1220,1487,1269
11.438000000000002,5,1.4380000000000024,0.0,-5.0,0.7653955340641246,-4.197713881805715,97.33382933332015,43.60168735931364,0.0,-0.0065569816032122405,7.995,1520,1220,1487,1269
11.462999999999994,5,1.4629999999999939,0.0,-5.0,-2.2591055585492272,-3.6542587814362495,-133.43431607818064,22.88843519176546,0.0,-0.00582842795278366,7.995,1220,1514,1447,1321
11.477000000000004,5,1.4770000000000039,0.0,-5.0,-3.223546625488422,-4.418625251452377,-117.83822114623851,-38.1604342324959,0.0,-0.00491773620240918,7.995,1220,1514,1447,1321
11.497,5,1.4969999999999999,0.0,-5.0,-1.259956245012378,-5.430952774662531,83.98984584621715,-55.84624603157095,0.0,-0.004371321068808161,7.995,1220,1514,1447,1321
11.521,5,1.5210000000000008,0.0,-5.0,0.5142193294008724,-4.37143846268452,89.56587568083215,46.92163057899256,0.0,-0.0038249059352071404,7.995,1519,1220,1261,1493
11.539000000000001,5,1.5390000000000015,0.0,-5.0,-1.5339804463055278,-3.6329554214149797,-90.86219094378721,53.013124544984684,0.0,-0.0032784908016061202,7.995,1519,1220,1261,1493
11.558999999999997,5,1.5589999999999975,0.0,-5.0,-3.3276685905170353,-4.505074955777228,-103.57287246085747,-37.21043346612259,0.0,-0.0030963522847785594,7.995,1277,1484,1515,1220
11.578000000000003,5,1.578000000000003,0.0,-5.0,-1.1715913129555728,-5.2610321822646,92.56567427373425,-49.758471103581904,0.0,-0.0027320756680051005,7.995,1277,1484,1515,1220
11.600999999999999,5,1.600999999999999,0.0,-5.0,1.120396270361977,-4.0025023795716965,112.50513431021169,55.41953679336358,0.0,-0.002549937151177539,7.995,1277,1484,1515,1220
11.617999999999995,5,1.617999999999995,0.0,-5.0,-0.27485401591645336,-3.1487639514830104,-49.37813884983892,66.72107173748473,0.0,-0.0021856605344040803,7.995,1233,1509,1220,1512
11.64,5,1.6400000000000006,0.0,-5.0,-2.245257990337261,-3.9717409150972514,-103.80872572308718,-34.06295593808107,0.0,-0.0021856605344040803,7.995,1233,1509,1220,1512
11.658000000000001,5,1.6580000000000013,0.0,-5.0,-0.33920648413115323,-4.995882958024235,77.92028703274453,-62.183012090658224,0.0,-0.0021856605344040803,7.995,1518,1220,1390,1390
11.676999999999992,5,1.6769999999999925,0.0,-5.0,1.9351277015441317,-4.474510286128244,138.12983890613262,16.1053282232489,0.0,-0.0021856605344040803,7.995,1518,1220,1390,1390
11.698999999999998,5,1.698999999999998,0.0,-5.0,0.2904448831923595,-3.396922653276145,-63.90329768596349,57.36926551836249,0.0,-0.0021856605344040803,7.995,1518,1220,1390,1390
11.718999999999994,5,1.718999999999994,0.0,-5.0,-2.3225146869260986,-3.9635075489396243,-139.87879080538443,-20.87046775431624,0.0,-0.002003522017576519,7.995,1220,1513,1454,1312
11.736999999999995,5,1.7369999999999948,0.0,-5.0,-1.150514629837383,-4.893759250214674,31.321861005276965,-56.98259484906973,0.0,-0.002003522017576519,7.995,1220,1513,1454,1312
11.759999999999991,5,1.759999999999991,0.0,-5.0,1.532408969187896,-4.2422164062297565,129.58286802785884,26.88988273399721,0.0,-0.002003522017576519,7.995,1509,1234,1220,1516
11.780999999999992,5,1.7809999999999917,0.0,-5.0,-0.3318090157340592,-3.2018319600130707,-75.44378338310297,56.28271902519686,0.0,-0.002003522017576519,7.995,1509,1234,1220,1516
11.796999999999997,5,1.796999999999997,0.0,-5.0,-2.5505817469454057,-3.625731642594045,-153.35450815100947,-6.964772498079151,0.0,-0.002003522017576519,7.995,1509,1234,1220,1516
11.819000000000003,5,1.8190000000000026,0.0,-5.0,-1.766657777292888,-4.837275293325961,19.562361877306444,-62.00817973847341,0.0,-0.0018213837091897898,7.995,1339,1440,1517,1220
11.837000000000003,5,1.8370000000000033,0.0,-5.0,0.8018074326120213,-4.660601778273003,148.25140061452615,-5.016586968945837,0.0,-0.0018213837091897898,7.995,1339,1440,1517,1220
11.858000000000004,5,1.858000000000004,0.0,-5.0,0.4455375617890159,-3.5544383414808634,2.4402573298201866,56.14414473222106,0.0,-0.0018213837091897898,7.995,1339,1440,1517,1220
11.87899999999999,5,1.8789999999999907,0.0,-5.0,-2.5649520380722897,-3.9839157272927994,-151.11357772584165,-12.155960019664848,0.0,-0.0018213837091897898,7.995,1220,1513,1441,1329
11.896999999999991,5,1.8969999999999914,0.0,-5.0,-2.5538263002445736,-5.263060748448093,-34.90941445173158,-71.74630828724075,0.0,-0.0018213837091897898,7.995,1220,1513,1441,1329
11.918999999999997,5,1.918999999999997,0.0,-5.0,0.38383053789765303,-5.215465855877329,140.76875079385874,-4.028477162098432,0.0,-0.0018213837091897898,7.994,1519,1220,1302,1467
11.936999999999998,5,1.9369999999999976,0.0,-5.0,0.43345589096218895,-3.9130546490880325,32.30826667992645,69.14193666614737,0.0,-0.0018213837091897898,7.994,1519,1220,1302,1467
11.962000000000003,5,1.9620000000000033,0.0,-5.0,-2.6465192243576396,-3.9639331551022807,-135.04169181631642,-3.790114659122388,0.0,-0.0018213837091897898,7.994,1220,1513,1472,1285
11.977999999999994,5,1.9779999999999944,0.0,-5.0,-2.3466630341800903,-4.897057804696967,-32.24841373222963,-58.04121269871917,0.0,-0.0016392454008030601,7.994,1220,1513,1472,1285
11.998999999999995,5,1.9989999999999952,0.0,-5.0,0.7904901826832803,-5.066353861672665,152.3853862700547,-16.608287985803006,0.0,-0.0016392454008030601,7.994,1220,1513,1472,1285
12.016999999999996,6,0.016999999999995907,0.0,0.0,1.436930074945405,-4.028947591377516,71.42130056577486,53.8184687349263,0.0,-0.0016392454008030601,7.994,1489,1266,1220,1514
12.039000000000001,6,0.03900000000000148,0.0,0.0,-1.4704018438598756,-3.7794745050559775,-135.83732689235288,17.90601197527438,0.0,-0.0016392454008030601,7.994,1489,1266,1220,1514
12.058999999999997,6,0.0589999999999975,0.0,0.0,-2.056762058161246,-5.058639163005136,-47.93671280287235,-62.015556342777025,0.0,14.847260312098618,7.994,1388,1399,1518,1220
12.076999999999998,6,0.07699999999999818,0.0,0.0,0.20747130492800825,-5.213938454824185,115.96679029479003,-28.290860400698964,0.0,29.490236496311326,7.994,1388,1399,1518,1220
12.099999999999994,6,0.09999999999999432,0.0,0.0,1.2668620998717899,-3.2710155864463646,50.68596639664003,85.90584368199995,0.0,26.226295705184622,7.994,1388,1399,1518,1220
12.119,6,0.11899999999999977,0.0,0.0,-1.163581422049852,-2.406001156368222,-121.39344389225687,59.3002487891843,0.0,22.45484624551659,7.994,1220,1514,1392,1384
12.137999999999991,6,0.13799999999999102,0.0,0.0,-1.920713014187643,-3.010104494585993,-68.20538112715523,-26.086532959293237,0.0,19.735341540678895,7.994,1220,1514,1392,1384
12.156999999999996,6,0.15699999999999648,0.0,0.0,0.5700367025152745,-3.190583919110529,118.15531950864552,-23.221929423275085,0.0,17.381313428139414,7.994,1516,1220,1327,1446
12.179999999999993,6,0.1799999999999926,0.0,0.0,2.3811561298188892,-1.3776020913193223,83.50450626417438,79.1768779154868,0.0,15.299782542726765,7.994,1516,1220,1327,1446
12.198999999999998,6,0.19899999999999807,0.0,0.0,0.28640648048473655,-0.49144016827120396,-98.42304643045125,63.88062145791905,0.0,13.077507925503186,7.994,1516,1220,1327,1446
12.216999999999999,6,0.21699999999999875,0.0,0.0,-1.08676249789813,-1.1722727310469874,-96.83207680670183,-27.510369561599727,0.0,11.534324866508124,7.994,1220,1514,1491,1258
12.238,6,0.23799999999999955,0.0,0.0,1.152533270902239,-1.762781004608671,98.69634278971097,-38.708693517172826,0.0,10.21186022431567,7.994,1220,1514,1491,1258
12.25699999999999,6,0.2569999999999908,0.0,0.0,2.9716934316845456,-0.6788287560280309,111.86248864139435,47.80645768030562,0.0,8.872194604472185,7.994,1463,1306,1220,1515
12.277999999999992,6,0.2779999999999916,0.0,0.0,0.6920037106893095,0.4374658523352211,-99.54522602051684,60.85924629742888,0.0,7.76932054409564,7.994,1463,1306,1220,1515
12.301000000000002,6,0.30100000000000193,0.0,0.0,-1.2266255621929505,-0.369040456941078,-96.01601946504705,-35.79139677925532,0.0,6.760581004633859,7.994,1463,1306,1220,1515
12.317999999999998,6,0.31799999999999784,0.0,0.0,0.48616192614666504,-0.8713639980461684,71.00010329022768,-44.01204853974259,0.0,5.790363305204125,7.994,1460,1310,1514,1220
12.338999999999999,6,0.33899999999999864,0.0,0.0,2.4498042267325717,0.18390467101180483,104.6050711387973,45.78182568577376,0.0,5.174981190232548,7.994,1460,1310,1514,1220
12.361999999999995,6,0.36199999999999477,0.0,0.0,-0.1932812534219762,1.0342183862217509,-117.72604211931022,42.44532950264131,0.0,4.490537325015679,7.994,1460,1310,1514,1220
12.376999999999995,6,0.37699999999999534,0.0,0.0,-1.7001177542335064,0.3500212082277957,-138.08343460091157,-26.36564863972581,0.0,3.843324820964549,7.994,1220,1514,1498,1247
12.399000000000001,6,0.3990000000000009,0.0,0.0,-0.19724238961461335,-0.8460506232910135,61.08278472858506,-60.891389167662965,0.0,3.475904186073822,7.994,1220,1514,1498,1247
12.417999999999992,6,0.41799999999999216,0.0,0.0,1.8299060760591466,-0.24448859569216339,123.95898588791871,20.529436409057503,0.0,2.9979862448945096,7.994,1515,1220,1307,1460
12.436999999999998,6,0.4369999999999976,0.0,0.0,0.49343196882705603,0.7661865019865238,-44.523049142497094,59.535009221146815,0.0,2.638686918370339,7.994,1515,1220,1307,1460
12.459999999999994,6,0.45999999999999375,0.0,0.0,-2.0212510508927033,-0.00568851704714917,-115.6354168370177,-33.44417153512917,0.0,2.3214957080792975,7.994,1266,1491,1516,1220
12.480000000000004,6,0.480000000000004,0.0,0.0,0.02092433454813365,-0.8752652633618622,85.08081830196494,-52.22354101655287,0.0,1.9813356388265604,7.994,1266,1491,1516,1220
12.49799999999999,6,0.49799999999999045,0.0,0.0,2.2433440432657767,-0.10016305665158416,148.96187689199087,27.87939272962447,0.0,1.7320276509838655,7.994,1266,1491,1516,1220
12.516999999999996,6,0.5169999999999959,0.0,0.0,1.5347173596839487,1.2194732869148894,-9.787518500429348,75.18280868510594,0.0,1.5392391583579086,7.994,1429,1347,1220,1514
12.536999999999992,6,0.5369999999999919,0.0,0.0,-0.8354740753612487,0.8775352874046864,-124.32065806484923,-8.293546100630582,0.0,1.3541349487133336,7.994,1429,1347,1220,1514
12.557000000000002,6,0.5570000000000022,0.0,0.0,0.33664380249064974,-0.2741643802536936,36.683166767859696,-63.00548297994365,0.0,1.1781828723914582,7.994,1514,1220,1375,1401
12.578999999999994,6,0.5789999999999935,0.0,0.0,3.16493634533372,0.34048839858057356,140.7715238506618,23.075850459948732,0.0,1.0336350453779495,7.994,1514,1220,1375,1401
12.605999999999995,6,0.6059999999999945,0.0,0.0,1.017529672758471,1.6008713703335187,-100.51269499569246,48.092618700867064,0.0,0.8910901179776941,7.994,1514,1220,1375,1401
12.617000000000004,6,0.6170000000000044,0.0,0.0,-0.20305273282396533,1.2018850161935777,-134.66784824228495,-3.4959708549684967,0.0,0.7422688336995787,7.994,1220,1517,1493,1259
12.640999999999991,6,0.6409999999999911,0.0,0.0,1.2332359046490535,-0.11239923382795622,61.96067577279597,-60.420276869661336,0.0,0.6893098413919742,7.994,1220,1517,1493,1259
12.656999999999996,6,0.6569999999999965,0.0,0.0,3.179591156528217,0.14459298363526754,140.9043300488835,-5.378347938335562,0.0,0.5871889617076161,7.994,1515,1220,1238,1503
12.677999999999997,6,0.6779999999999973,0.0,0.0,2.289708861455704,1.3144773762883586,-28.300356071192574,57.28743302191657,0.0,0.5276458804835308,7.994,1515,1220,1238,1503
12.697000000000003,6,0.6970000000000027,0.0,0.0,-0.5518722946653016,1.0747414716806134,-157.52170218628262,-0.28965770389051554,0.0,0.4570165484628686,7.994,1515,1220,1238,1503
12.718999999999994,6,0.7189999999999941,0.0,0.0,-0.21600294491308142,-0.1290301174669158,-2.4479912383947564,-60.873050109741484,0.0,0.4025742311666076,7.994,1357,1420,1513,1220
12.739000000000004,6,0.7390000000000043,0.0,0.0,2.341457789702306,0.1473307555743187,131.68745421681487,5.285743379794883,0.0,0.34736944064339115,7.994,1357,1420,1513,1220
12.760999999999996,6,0.7609999999999957,0.0,0.0,1.097931244573276,1.3458540913966337,-45.258185817960154,59.21271991497059,0.0,0.3024982194063015,7.994,1220,1519,1322,1451
12.777000000000001,6,0.777000000000001,0.0,0.0,-1.2552849292286183,1.206436376780039,-155.80563081769526,12.435964478463166,0.0,0.26137703882781327,7.994,1220,1519,1322,1451
12.796999999999997,6,0.796999999999997,0.0,0.0,-1.4931460536309007,0.06679636859666861,-31.71616099587263,-56.377183956512724,0.0,0.23505725170671293,7.994,1220,1519,1322,1451
12.820999999999998,6,0.820999999999998,0.0,0.0,1.4134536475510133,0.22667759677088575,136.53619184822858,3.837922568217892,0.0,0.20534097959805184,7.994,1514,1220,1361,1414
12.838999999999999,6,0.8389999999999986,0.0,0.0,0.9420769998841633,1.2578024942680026,10.14878598865154,57.956620805848566,0.0,0.17481950555948295,7.994,1514,1220,1361,1414
12.858000000000004,6,0.8580000000000041,0.0,0.0,-1.9103385971686282,1.181793054254633,-147.00110716619864,6.594038794554145,0.0,0.1548607589897801,7.994,1220,1514,1500,1242
12.876999999999995,6,0.8769999999999953,0.0,0.0,-2.064218063413961,0.09806614188564397,-44.93047675667752,-58.15708685798844,0.0,0.13617532243196895,7.994,1220,1514,1500,1242
12.899000000000001,6,0.8990000000000009,0.0,0.0,0.9947283668748528,-0.05996844726290371,145.0594483097041,-13.418437671698017,0.0,0.1198643637865157,7.994,1220,1514,1500,1242
12.918999999999997,6,0.9189999999999969,0.0,0.0,1.0287349182569943,1.1336906999728777,21.823468681282485,58.64548636477937,0.0,0.10337255187040258,7.994,1486,1275,1220,1516
12.938000000000002,6,0.9380000000000024,0.0,0.0,-1.7437214684514561,1.1481840412265276,-144.60341023920068,13.933293062465347,0.0,0.09023207499019802,7.994,1486,1275,1220,1516
12.956999999999994,6,0.9569999999999936,0.0,0.0,-2.3003298056150743,-0.014463315768738763,-59.40597328734693,-59.2018530840011,0.0,0.07944070960690842,7.994,1361,1418,1513,1220
12.979,6,0.9789999999999992,0.0,0.0,0.5819470583238958,-0.42383802411545896,137.47636738748082,-27.745102672805555,0.0,0.06966611526513178,7.994,1361,1418,1513,1220
12.997,6,0.9969999999999999,0.0,0.0,1.362083047751407,0.4256543475065799,77.78866245724922,41.78724760629975,0.0,0.06030644157522017,7.994,1361,1418,1513,1220
13.018,6,1.0180000000000007,0.0,0.0,-1.4944136940521728,0.730677095543568,-133.52257578263556,22.337534331427033,0.0,0.053440654046222696,7.994,1220,1515,1411,1365
13.043999999999997,6,1.043999999999997,0.0,0.0,-1.9463962330141833,-0.7678906341844419,-5.2117506598556655,-62.475070979567974,0.0,0.04639073155411255,7.994,1220,1515,1411,1365
13.057999999999993,6,1.0579999999999927,0.0,0.0,0.04921364073395089,-0.8331006913463751,124.21121111358894,-32.33726766314233,0.0,0.03879739214132319,7.994,1516,1220,1277,1481
13.078999999999994,6,1.0789999999999935,0.0,0.0,1.4250814042827253,0.4266979257065638,85.80955850527029,58.48320107009987,0.0,0.0354324600930874,7.994,1516,1220,1277,1481
13.099999999999994,6,1.0999999999999943,0.0,0.0,-1.2995973822946627,0.9960161776985176,-125.65402027386244,32.58075366176952,0.0,0.030753910578707584,7.994,1516,1220,1277,1481
13.117000000000004,6,1.1170000000000044,0.0,0.0,-2.345858139075087,0.143999450868564,-102.20363126813417,-40.953636678478034,0.0,0.026663167544505463,7.994,1271,1485,1512,1220
13.137,6,1.1370000000000005,0.0,0.0,0.0032084546821870446,-0.6291616480961081,104.54060098322155,-44.93014549250278,0.0,0.02381438668864839,7.994,1271,1485,1512,1220
13.161999999999992,6,1.161999999999992,0.0,0.0,1.3505432297052589,0.6062123725674239,57.335244346106656,54.37478422772926,0.0,0.020735103623569916,7.994,1441,1336,1220,1515
13.176999999999992,6,1.1769999999999925,0.0,0.0,-0.7715912093324138,1.1157297570549773,-105.30435273621238,49.41980641887058,0.0,0.01751406745278723,7.994,1441,1336,1220,1515
13.198999999999998,6,1.198999999999998,0.0,0.0,-2.8424946405616422,0.375176634858394,-117.83386348554804,-31.782673378010212,0.0,0.015820755835319295,7.994,1441,1336,1220,1515
13.219999999999999,6,1.2199999999999989,0.0,0.0,-0.5395915611767658,-0.27041722108114824,101.54169714510073,-37.95276233078167,0.0,0.013706308694151194,7.994,1397,1389,1515,1220
13.238,6,1.2379999999999995,0.0,0.0,1.1738953278616886,0.4819684034396888,121.50223514535682,31.99043407218366,0.0,0.011902945320176097,7.994,1397,1389,1515,1220
13.25699999999999,6,1.2569999999999908,0.0,0.0,-0.7629778071804988,1.284134794509106,-79.39153027053278,47.57875966394491,0.0,0.01054567450755083,7.994,1220,1516,1389,1387
13.277999999999992,6,1.2779999999999916,0.0,0.0,-3.1435232753989064,0.4119570968172069,-130.25081954755106,-37.004547658876305,0.0,0.009234775943614252,7.994,1220,1516,1389,1387
13.296999999999997,6,1.296999999999997,0.0,0.0,-1.705651594843392,-0.5118398088879164,48.2583361656045,-59.74354855688564,0.0,0.008037124951014994,7.994,1220,1516,1389,1387
13.316999999999993,6,1.316999999999993,0.0,0.0,0.8167136801453394,0.1889598514310473,134.66570356288557,27.157634687198176,0.0,0.007083132952928008,7.994,1515,1220,1288,1471
13.340000000000003,6,1.3400000000000034,0.0,0.0,-0.9114891716250247,1.2897701274611895,-74.24648537254558,53.607470531086264,0.0,0.006182946203584727,7.994,1515,1220,1288,1471
13.357,6,1.3569999999999993,0.0,0.0,-2.596318828061927,0.6866646905533281,-125.94102482278637,-18.358757894597847,0.0,0.0052912605051176,7.994,1326,1453,1517,1220
13.37899999999999,6,1.3789999999999907,0.0,0.0,-0.5473858742368082,-0.5534164510262534,89.44894967243071,-57.045227683758746,0.0,0.004730819387957921,7.994,1326,1453,1517,1220
13.396999999999991,6,1.3969999999999914,0.0,0.0,1.6577275725319973,-0.02277641804832463,148.97559191184425,14.900086702686789,0.0,0.004072104671921718,7.994,1326,1453,1517,1220
13.420000000000002,6,1.4200000000000017,0.0,0.0,0.2486466334319673,1.112221814585941,-58.689069801873224,54.89518658587628,0.0,0.0036071169491869535,7.994,1420,1358,1220,1511
13.438999999999993,6,1.438999999999993,0.0,0.0,-1.7930215604371966,0.5431508901471358,-130.43695586281225,-18.05220192917475,0.0,0.0031763787648156024,7.994,1420,1358,1220,1511
13.457999999999998,6,1.4579999999999984,0.0,0.0,-0.5845388483096512,-0.5203978224745308,35.16481230027128,-61.213050096435545,0.0,0.0028267632508147014,7.994,1519,1220,1471,1286
13.483000000000004,6,1.483000000000004,0.0,0.0,2.6043186871273045,0.27709821330647855,130.9163258595204,36.557259060699685,0.0,0.0026020336019837516,7.994,1519,1220,1471,1286
13.49799999999999,6,1.4979999999999905,0.0,0.0,1.7113747597593336,1.0960832515159644,-5.598781621627145,64.03823490320626,0.0,0.0023134314291242677,7.994,1519,1220,1471,1286
13.516999999999996,6,1.516999999999996,0.0,0.0,-0.9237168110649343,0.7877747556013771,-140.28749566493966,-4.749725074771091,0.0,0.002266962255448879,7.995,1220,1518,1420,1357
13.536999999999992,6,1.536999999999992,0.0,0.0,-0.3645651889308387,-0.44710034108762653,4.233456688619215,-65.38562632077468,0.0,0.002221139456792296,7.995,1220,1518,1420,1357
13.557000000000002,6,1.5570000000000022,0.0,0.0,2.238123857749183,-0.19948622681888153,137.8604152641323,1.0921012512298471,0.0,0.002221139456792296,7.995,1515,1220,1238,1502
13.578999999999994,6,1.5789999999999935,0.0,0.0,1.5507136627201186,1.1236862871078075,-14.585185953645228,66.93345646972628,0.0,0.002039228348912015,7.995,1515,1220,1238,1502
13.602999999999994,6,1.6029999999999944,0.0,0.0,-1.5997468437196996,0.5672112987155635,-136.75619224139467,-25.515551342794975,0.0,0.002039228348912015,7.995,1515,1220,1238,1502
13.617999999999995,6,1.617999999999995,0.0,0.0,-0.9188903219209682,-0.39986979642039994,-6.408236731675465,-66.8865330701283,0.0,0.0019581757146609835,7.995,1409,1370,1511,1220
13.637999999999991,6,1.637999999999991,0.0,0.0,1.7370485870757653,-0.2711922074281067,138.80253057710885,-5.081434065586407,0.0,0.0019581757146609835,7.995,1409,1370,1511,1220
13.661000000000001,6,1.6610000000000014,0.0,0.0,0.963263179472485,1.1063032422267134,-26.828477625811505,64.72447766949578,0.0,0.0019581757146609835,7.995,1220,1520,1267,1487
13.676999999999992,6,1.6769999999999925,0.0,0.0,-1.3176689956214587,1.0815816926909696,-146.21914612888054,21.20088157051019,0.0,0.0018414465561133757,7.995,1220,1520,1267,1487
13.697000000000003,6,1.6970000000000027,0.0,0.0,-1.8202488289029832,-0.032995489951887835,-50.568705708969254,-55.10890662010056,0.0,0.0018414465561133757,7.995,1220,1520,1267,1487
13.719999999999999,6,1.7199999999999989,0.0,0.0,1.4051347973070552,-0.05362540265914361,145.50604705877453,-2.171568360042463,0.0,0.0018414465561133757,7.995,1516,1220,1373,1404
13.739000000000004,6,1.7390000000000043,0.0,0.0,1.3847797663633594,1.060370540223495,35.506246626691045,60.70947390930885,0.0,0.001773840856790807,7.995,1516,1220,1373,1404
13.759999999999991,6,1.759999999999991,0.0,0.0,-1.6419281710429943,1.0724947663305024,-144.64545688373127,6.658408631726461,0.0,0.001773840856790807,7.995,1220,1514,1476,1281
13.780999999999992,6,1.7809999999999917,0.0,0.0,-1.416538011569803,-0.2399715194536842,-8.955953214264051,-65.24961676383221,0.0,0.001703454869435883,7.995,1220,1514,1476,1281
13.796999999999997,6,1.796999999999997,0.0,0.0,0.8439755798046519,-0.3880678165039997,132.773659200522,-32.76894927906547,0.0,0.001703454869435883,7.995,1220,1514,1476,1281
13.816999999999993,6,1.816999999999993,0.0,0.0,1.9495443098913245,0.7242162168364119,79.81365645180708,52.6801220870953,0.0,0.001703454869435883,7.995,1486,1270,1220,1513
13.838999999999999,6,1.8389999999999986,0.0,0.0,-0.8873538977799913,1.0997740082670044,-131.05037515217109,23.890987433612857,0.0,0.001703454869435883,7.995,1486,1270,1220,1513
13.858000000000004,6,1.858000000000004,0.0,0.0,-1.8020081683942295,-0.21311474872973127,-70.41144343661014,-63.51798622431556,0.0,0.0016405519079355567,7.995,1486,1270,1220,1513
13.876999999999995,6,1.8769999999999953,0.0,0.0,0.4925480462989212,-0.8306834980712782,110.43450099161979,-48.544777223921905,0.0,0.0015749516178538536,7.995,1517,1220,1498,1248
13.896999999999991,6,1.8969999999999914,0.0,0.0,1.8928353836468244,0.09106634524471804,92.92842562055363,41.099030915340094,0.0,0.0015749516178538536,7.995,1517,1220,1498,1248
13.918999999999997,6,1.918999999999997,0.0,0.0,-0.9231696488793928,0.6434708410464319,-127.08374279168619,28.980540459688292,0.0,0.0015749516178538536,7.995,1235,1509,1220,1513
13.938000000000002,6,1.9380000000000024,0.0,0.0,-2.0082171289656148,-0.44024742019428237,-85.40691885369803,-51.87991761450411,0.0,0.0015749516178538536,7.995,1235,1509,1220,1513
13.956999999999994,6,1.9569999999999936,0.0,0.0,0.20109841826726899,-1.0974330676506883,101.24975436940687,-48.9592057820016,0.0,0.0015176024580912104,7.995,1516,1220,1349,1426
13.979,6,1.9789999999999992,0.0,0.0,1.8172529371782864,0.05645332108904706,75.82660182570383,51.25239056941461,0.0,0.0015176024580912104,7.995,1516,1220,1349,1426
13.997,6,1.9969999999999999,0.0,0.0,-0.17030341649678224,0.5731516423027705,-92.69625383028655,48.24840165545671,0.0,0.0014614814317083806,7.995,1516,1220,1349,1426
